Text,Sentiment
?üëç?üèº?üëç?üèº?üëç?üèº #OmnibusLaw Bisa Menjadi Satu Upaya Pemerintah Menjaga Masyarakat Rentan Miskin Jatuh Pada Kemiskinan ,Positive
?üåéHOAX..... Indonesia justru mempermudah Investor &amp,Positive
Yuu kita dukung adanya OMNIBUS LAW ini #ManfaatPasalRUUCiptaker Izin tag ya?üôè @nviamaulidina @ftmaaaaahaja @rivarahmadani @syalakin_ @_bbeautty,Positive
yup melindungi hak pekerja tp tetap memperhatikan kemampuan perusahaan selalu dukung Omnibus Law ?üí™?üí™ #RUUCiptaKerjaLindungiPekerja @zezeemut @Gardian_HG,Positive
"Yuk semangat kawan2 pencari kerja. Dg adanya Omnibus Law dan berbagai manfaatnya, masa depan kita pasti akan lebih baik. Omnibus Law #HarapanBaruPencariKerja",Positive
yuk sama¬? kita dukung omnibus law agar masyarakat lebih sejahtera @wiithyluv1 @jfavve,Positive
Yuk mari kita dukung Omnibus Law RUU Cipta Kerja..Jangan teriak ga setuju tapi isinya belum dibaca..?üòÇ?üòÇ #KamiDukungOmnibusLaw Yuk ikutan.. @delight8888 @Cintaa_citaa @WagimanDeep212 @Chichisoebroto2 @Drew_Alima_,Positive
Yuk kurangi impor pangan agar kesejahteraan petani meningkat. Semoga omnibus law cepat terealisasi agar kebutuhan pangan domestik dapat terpenuhi #BatasiTKAdenganOBL,Positive
"Yuk kita kenalan dengan omnibus law. . Omnibus law adalah suatu undang-undang (UU) yang dibuat untuk satu kepentingan besar dan luas, yang bisa mencabut atau mengubah beberapa UU sekaligus sehingga menjadi lebih sederhana.",Positive
yuk kita dukung omnibus law untuk memajukan ekonomi Indonesia. dengan hadirnya omnibus law UMKM Indonesia bisa tumbuh dan berkembang dengan baik sehingga terdongkraknya kinerja ekspor. selain itu isu pengahpusan cuti hamil adalah hoax. #DukungOBLEkonomiMaju,Positive
Yuk guys dukung juga Omnibus Law demi kesejahteraan bangsa Indonesia?üá??üá® @arlogrithm @Sarahists @triharinms @Slsblhhh ?üí™ #KamiDukungOmnibusLaw ?üí™,Positive
Yuk gaes.. be smart. Bisa kok kritisi Omnibus Law tanpa aksi demo yg justru membahayakan. Demo - nambah pasien - krisis ekonomi - susah nyari kerja. Siapa yg rugi ? #DukungOBLTolakAksiDemo,Positive
"yuk dukung selalu Omnibus, karena dengan adanya Omnibus law dalam rangka kebijakan pangan nasional, impor hanya dapat dilakukan jika prod &amp",Positive
"Yuk dukung RUU Omnibus Law, selain menjamin para pekerja dari PHK dan menciptakan lapangan kerja, Omnibus Law juga memberikan dampak positif memajukan ekonomi di suatu daerah maupun negara. #OmnibusLaw #EkonomiPositif",Positive
watak omnibus law yaitu bagi menyiapkan UMKM supaya kian berikhtiar bertarung #BersamaOBLPekerjaSejahtera https://www.pikiran-rakyat.com/ekonomi/pr-01349163/omnibus-law-buka-peluang-investor-asing-masuk-ke-umkm-usaha-koperasi-berbagai-sektor-dengan-pendirian-minimal-3-orang,Positive
Waspadai Korbankan Buruh ditengah Pandemi Covid-19 Ingat Pandemi ini belum berakhir ! Faktanya pasal-pasal dalam RUU Cipta Kerja banyak yg menguntungkan dan semakin memperkuat dan menjamin kesejahteraan buruh. #omnibuslaw ,Positive
Waspada pembusukan RUU Omnibus Law dari dalam oleh Mafia Regulasi dan para Pejabat yang terbiasa KKN.. #DukungOBLTolakAksiDemo,Positive
Warga Indonesia Telah Siap Dengan Kehidupan New Normal. . . #HTICoronaFPImusuhRakyat #staysafe #omnibuslaw #RUUCiptaKerja #KawalSahkanOmnibuslaw,Positive
Warbyasa pasal2 ini. Semua keuntungan yg diberikan pasti pembuat kawan pekerja/buruh lebih sejahtera. Yuk dukung Omnibus Law sebagai #HarapanBaruPencariKerja,Positive
Walhi Tolak Mentah Mentah Undangan Rapat Dengar Pendapat Oleh Dpr Yang Membahas RUU Cipta Kerja?! Mau nya apa ya ! #Omnibuslaw #DukungOmnibuslaw,Positive
Walaupun di-PHK tetap ada pesangon #omnibuslaw #omnibuslawciptaker #ciptakerja #ciptaker #umkm #yangpastipastiaja #dukungomnibuslaw #dukungciptaker,Positive
"Walaupun di tengah pandemi, ekonomi akan bergerak lagi #omnibuslaw #omnibuslawciptaker #ciptakerja #ciptaker #umkm #yangpastipastiaja #dukungomnibuslaw",Positive
Waktu Kerja Yang Diatur Dalam RUU Cipta Kerja Menguntungkan Buruh #RUUOMNIBUSLAW #OmnibusLaw #omnibusla7 #RUUCiptaKerja #RUUBPIP #omnibuslawsolusipekerja #IndonesiaMaju #Indonesiabaik #dukungomnibuslaw,Positive
waktu kerja pada RUU Cipta Kerja menguntungkan pekerja. dalam pasal 77 ayat (20) waktu kerja paling lama 8 hari 1 hari dan 40 jam 1 minggu. #OmnibusLaw ,Positive
"w/ Omnibus Law, Pasca Pandemi brakhir, Para korbn PHK bakalan kmbali mendpt pluang Kerja. #CekalCovidSaveNKRI #NewNormal",Positive
vitalitas omnibus law yaitu buat menyiapkan UMKM biar kian bergaya berlawanan #BersamaOBLPekerjaSejahtera https://www.pikiran-rakyat.com/ekonomi/pr-01349163/omnibus-law-buka-peluang-investor-asing-masuk-ke-umkm-usaha-koperasi-berbagai-sektor-dengan-pendirian-minimal-3-orang,Positive
"Video 2/4 Ini alasan kenapa Omnibuslaw diperlukan, karena negara ini terlalu banyak aturan. Omnibus law merupakan metode atau konsep pembuatan regulasi yang menggabungkan beberapa aturan yang substansi pengaturannya berbeda, menjadi satu peraturan dalam satu payung hukum. ",Positive
UU Omnibus law merupakan langkah konkrit presiden indonesia yang bertujuan menyederhanakan peraturan perundahng-ungadangan #StopPolitisasiNewNormal,Positive
UU Omnibus law Cipta Kerja sangat penting untuk mendukung daya saing industri strategis #OBLSejahterakanBuruh #OmnibusLaw #RUUCiptaKerja #Ciptaker #RUUOmnibusLaw #IndonesiaMaju #01indonesiamaju #Istanamerdeka #RUUPekerja #JokowiPresidenku #Merdeka #Jokowi #jokowidodo,Positive
UU ITE bermasalah. Apakah RUU Ciptaker juga nantinya? Kayaknya sih ngga kalau betul2 dijalanin. Ini surveinya sih dah banyak yang setujuu. #OmnibusLaw ,Positive
"UU dan PP yang tumpang tindih, membuat iklim investasi kita memburuk. Itu yang harus kita perbaiki dengan Omnibus Law RUU Cipta Kerja #OmnibusLawCiptaKerja",Positive
UU atau PP (Peraturan Pemerintah) Yg tumpang tindih membuat iklim investasi jadi memburuk.. Itu yg akan diperbaiki oleh OMNIBUS LAW dg RUU CIPTA KERJA.. #ManfaatPasalRUUCiptaker,Positive
"UU atau PP (Peraturan Pemerintah) yang tumpang tindih, membuat iklim investasi kita memburuk. itu yang harus kita perbaiki dengan Omnibuslaw. ",Positive
"Utk mewujudkan visi dan misi Indonesia Maju, maka Omnibus Law lah jawabannya.. Namun ternyata hal itu tdk disukai oleh para Mafia Regulasi &amp",Positive
Usaha kecil semakin didukung ?ü¶æ #omnibuslaw #omnibuslawciptaker #ciptakerja #ciptaker #umkm #yangpastipastiaja #dukungomnibuslaw,Positive
"TIDAK SEMUA TKA BISA BEKERJA DI INDONESIA ""TKA hanya dapat bekerja di Indonesia dengan jabatan dan waktu tertentu serta memiliki kompetensi sesuai jabatan yang akan diduduki."" #OmnibusCiptaKerja #OmnibusLaw ",Positive
"Tidak perlu menunggu lama lagi untuk mendapatkan sertifikat halal untuk produkmu. Dengan adanya RUU Cipta Kerja, sertifikat halal bisa diberikan oleh ormas islam, loh. Jadi gak perlu ngantri dan menunggu lama lagi. #CiptaKerjauntukSemua #OmnibusLaw ",Positive
"Tidak perlu khawatir saat kehilangan pekerjaan. Dengan RUU Cipta Kerja, akan ada jaminan kehilangan pekerjaan, pelatihan, dan uang transport untuk mencari kerja. #CiptaKerjauntukSemua #OmnibusLaw ",Positive
"Tidak perlu jauh-jauh merantau lagi untuk mencari pekerjaan. Dengan adanya RUU Cipta Kerja, akan terbuka banyak lapangan kerja di daerah! #CiptaKerjauntukSemua #OmnibusLaw ",Positive
"Tidak perlu ada aksi demo untuk menolak pembahasan dan disahkannya Omnibus Law. Semuanya kita percayakan saja kepada DPR RI dan Pemerintah, karna kebijakan mereka tidak mungkin merugikan pekerja/buruh dan sudah jelas bahwa isi di dalam RUU Omnibus Law bersampak positif.",Positive
Tidak mudah tenaga kerja asing (TKA) masuk ke Indonesia . . kerjasejahtera #Omnibuslaw #ruuciptakerja #OmnibusLawUntukRakyat #omnibuslawsolusirakyat #omnibuslawciptakerja #ciptakerja https://www.instagram.com/p/CCpF3fsnsCX/?igshid=1p4cpuznx8gxf,Positive
Tidak kerja melulu #omnibuslaw #omnibuslawciptaker #ciptakerja #ciptaker #umkm #yangpastipastiaja #dukungomnibuslaw #dukungciptaker,Positive
"Tidak hanya untuk meningkatkan investasi, membuka lapangan kerja yg luas, memajukan UMKM Omnibus Law jg penting bagi pemerataan infrastruktur telekomunikasi, shg tdk ada lg kesenjangan digital antara satu daerah dgn daerah lainnya #KamiDukungOmnibusLaw",Positive
Tetap dukung omnibus law cipta kerja bisa menjadi terobosan sekaligus jalan keluar segala permasalahan. Intinya omnibus law sebagai 'Job creation art' ini bakal memberikan manfaat bagi masyarakat yang belum mendapatkan pekerjaan. #RUUCiptaKerjaLindungiPekerja,Positive
"Terpenting adalah ada niat baik dari pemerintah Jokowi, bgmn caranya untuk mempermudah investasi dari luar. Omnibus Law itu tdk cuma ketenagakerjaan, ada 1.244 pasal kalau enggak salah, byk klaster. Ketenagakerjaan itu cuma 1 #PermudahInvestasiEraPandemi https://nasional.sindonews.com/berita/1542400/12/omnibus-law-diharapkan-permudah-investasi-masuk-ke-indonesia",Positive
"Ternyata omnibus law ini jg sudah dipakai oleh negara maju, seperti Amerika. Regulasi di Indonesia tumpang tindih sehingga menghambat perizinan usaha dgn begitu sulit membuka lapangan kerja baru. ",Positive
"Ternyata Korea bukan hanya juara di musik dan drama, UMKMnya pun mendunia! Tapi UMKM Indonesia tak perlu kecil hati, melalui RUU Cipta Kerja, kemitraan UMKM dengan korporasi besar bukan lagi angan-angan untuk tembus pasar dunia. #CiptaKerjaUntukSemua #OmnibusLaw #Korea #UMKM",Positive
Termasuk upah lembur juga akan diperkuat dengan aturan yang ada dalam OmnibusLaw #DukungOmnibusLaw #OmnibusLaw ,Positive
"Termasuk hak cuti akan tetap menjadi hak para pekerja, sehingga tidak perlu khawatir akan kehilangan hak yang sudah seharusnya didapat. #DukungOmnibusLaw #OmnibusLaw ",Positive
"Terima kasih OMNIBUS LAW yang peduli dg nasib Pekerja dan pelaku UMKM, semoga dengan OBL ini iklim investasi kembali bergairah, sehingga ekonomi bisa tumbuh dan pekerja sejahtera.Amin #BersamaOBLPekerjaSejahtera",Positive
"Teriak paling kenceng tentang omnibus law, pas anggotanya merkosa malah diem kya byi baru di tetek in wkwkwk sjw kontol lah ?ü§£ ",Positive
Tenaga Kerja Asing Hanya Dapat Menduduki Suatu Jabatan dan Jangka Waktu Tertentu. #RUUOMNIBUSLAW #OmnibusLaw #omnibusla7 #RUUCiptaKerja #omnibuslawsolusipekerja #IndonesiaMaju #Indonesiabaik #dukungomnibuslaw,Positive
Tenaga kerja asing hanya dapat diperkejakan untuk pekerjaan tertentu saja #OmnibusLaw ,Positive
"tata kelola perizinan dipermudah oleh Omnibus Law Cipta kerja, sehingga regulasi investasi dan UMKM makin sederhana. ",Positive
"Tanpa klaster ketenagakerjaan dalam #OmnibusLaw RUU Cipta Kerja, akan menghambat investasi, angka pengangguran akan terus meningkat ",Positive
Tanggapan dan dukungan Sandiaga Uno atas Omnibus Law yang dapat memprioritaskan talenta-talenta Indonesia #IndonesiaSehatEkonomiKuat,Positive
"Stop provokasi, stop melakukan aksi demo ditengah pandemi Covid-19 yang akan merugikan diri sendiri dan orang lain. Bahkan bisa menciptakan klaster baru penyebaran virus corona. Sudah jelas Omnibus Law sangat menguntungkan pekerja/buruh di Indonesia !! #dukungobltolakaksidemo",Positive
"Stop Provokasi, Stop demonstrasi anarkis. Aspirasi Rakyat akan dinakomodir di UU OMNIBUS LAW MARI DUKUNG TERUS! #OmnibusLaw #dukungomnibuslaw #buruhsejahtera #stopdemowaspadacovid ‚Äì at Drg. Suryana hertasning",Positive
"Stop Provokasi Tentang Omnibus Law, Upah Perjam Berlaku Untuk Pekerjaan yang Tak Terikat Waktu Seperti Halnya Konsultan. . . #KawalSahkanOmnibuslaw #omnibuslawciptalapangankerja #omnibuslaw #indonesiahebat #staysafe #like4likes #IndonesiaSehatEkonomiKuat",Positive
Stop Provokasi Rakyat !!! Aksi untuk rasa ditengah pandemi Covid-19 membahayakan kesehatan. #OmnibusLaw ,Positive
Stop Provokasi Omnibus Law!!! Faktanya Omnibus Law Jamin Hak-Hak Pekerja ,Positive
Stop Provokasi Omnibus Law #OBLSejahterakanBuruh #OmnibusLaw #RUUCiptaKerja #Ciptaker #RUUOmnibusLaw #IndonesiaMaju #01indonesiamaju #Istanamerdeka #RUUPekerja #JokowiPresidenku #Merdeka #Jokowi #jokowidodo #Ifl #fff #Ekonomi,Positive
Stop provokasi !! RUU Ciptaker Omnibus Law dibuat untuk kepentingan masyarakat Indonesia. #dukungobltolakaksidemo,Positive
"Stop Penyesatan, Semua Mengenai Omnibus Law Tertuang Berdasarkan Pasal Pasal Yang Mendukung para Pekerja atau Buruh. . . #omnibuslawciptalapangankerja #dukungomnibuslaw #staysafe #tetapwaspada #stopprovokasi #PakeMaskerHargaMati",Positive
"STOP PENYESATAN ! Omnibuslaw Tidak Memberikan Karpet merah atau mempermudah masuknya TKA Ke Indonesia , Faktana Pada Pasal 42 Ayat 4 Disebutkan Bahwa TKA Dapat dipekerjakan untuk jabatan waktu tertentu dengan kemampuan yang tidak dimiliki serta kewajiban Transfer Ilmu ",Positive
Stop Hoax #OmnibusLaw #RUUCiptaKerja #IndonesiaMaju #Jokowi #Indonesia #nkri #NKRIHargaMati #indonesiamaju #indonesiadamai #pancasila #noprovokasi #nomakar #noadudomba #Nosara #nonarkoba #Nohoax #kitasemuasaudara #papuaindonesia #papuaisindonesia #welcomeperiodekedua #omnibuslaw ,Positive
Stop Demonstrasi di twngah Pandemik covid19 Terus dukung Omnibus Law #omnibuslawsolusipekerja #dukungomnibuslaw #buruhsejakhtera #stopdemowaspadacovid ‚Äì at Dewi Sri Resto &amp,Positive
Stop Demo Kesehatan jauh lebih penting . Yakinkan Pemerintah melalui Omnibuslaw akan membuat sejahtera pekerja dan buruh.. #DukungOmnibusLaw,Positive
Stop aksi di tengah pandemi seperti ini. Omnibus Law justru mensejahterakan pekerja Indonesia dan meningkatkan kstabilan ekonomi khusunya!! #dukungobltolakaksidemo,Positive
"Standing point dalam Omnibus Law,Tujuannya seluruh kepentingan para pelaku Koperasi dan UKM di Indonesia dapat diperlakukan secara adil, diberikan kemudahan dalam berusaha dan pastikan tidak ada kebijakan yang mempersulit. Tetap dukung #CiptakerPerluasLapanganKerja",Positive
Spirit Omnibus Law Untuk Memperbaiki Dan Menyederhanakan Norma-Norma dan Pasal-pasal yang Dianggap Selama Ini Menghambat. dan Mempersulit.#TolakAksiDemoSaatPandemi,Positive
Spirit Omnibus Law untuk memperbaiki dan menyederhanakan norma-norma dan pasal-pasal yang dianggap selama ini menghambat dan mempersulit. #IndonesiaBisaNewNormal,Positive
spirit Omnibus Law untuk memperbaiki dan menyederhanakan norma serta pasal yang dianggap selama ini menghambat dan mempersulit ,Positive
Spirit Omnibus Law untuk memperbaiki dan mencabut norma-norma dan pasal-pasal yang dianggap selama ini menghambat dan mempersulit #BersamaOBLPekerjaSejahtera https://www.industry.co.id/read/67710/baleg-dpr-minta-pemerintah-pertegas-kemitraan-umkm-dalam-omnibus-law-cipta-kerja,Positive
"Smoga dengan adanya RUU Cipta Kerja, smakin banyak lapangan pekerjaan dan smakin merata, bukan hanya untuk sekarang tp juga teruntuk kami para generasi muda bangsa, dukung Omnibus Law dgn #CiptakerPerluasLapanganKerja",Positive
smngt omnibus law adalh tuk nyiapin UMKM agr lbih berdaya saing #BersamaOBLPekerjaSejahtera https://www.pikiran-rakyat.com/ekonomi/pr-01349163/omnibus-law-buka-peluang-investor-asing-masuk-ke-umkm-usaha-koperasi-berbagai-sektor-dengan-pendirian-minimal-3-orang,Positive
Sistem regulasi yang terlalu berbelit membuat investor enggan berinvestasi di Indonesia. Hadirnya RUU Cipta Kerja akan menjadi solusi agar investasi bisa terus masuk. #CiptaKerjaUntukSemua #OmnibusLaw #Investasi,Positive
"Sistem kita emang banyak kekurangan, makanya yamg omnibus law itu ada benernya juga. Ribet banget soalnya proses sekarang ,karena ribet kita banyak rugi katena investor jadi males dan pergi duluan",Positive
"Sisi positifnya, World Bank menilai RUU Omnibus Law Cipta Kerja memiliki potensi meningkatkan keterlibatan Indonesia dalam rantai pasok global atau global value chain.",Positive
"Sisi positif yang bisa didapatkan para pekerja dari Omnibus Law adalah semakin luasnya prospek lapangan kerja, di mana akan muncul perusahaan-perusahaan modal asing baru dan tentunya membutuhkan tenaga kerja lokal. Jadi sudah tepat jika #OmnibusLawIndonesia ?üáÆ?üá©",Positive
Sepertinya beberapa intelektual kampus ini sangat mendukung program omnibus law ?üëç ?üòò Sangat menginspirasiku untuk jadi intelektual ,Positive
"Senang ada bahan untuk ribut, biar jokowi dkk bisa lebih tenang ngerjain UU omnibus law untuk kemaslahatan umat, kemajuan Indonesia. ",Positive
Semua yakin bahwa kita harus mempercayai dan mendukung Omnibus Law yang peduli terhadap nasib masyarakat. #BersamaOBLPekerjaSejahtera,Positive
"Semoga dengan adanya Omnibus law, sekor UMKM kita dapat semakin maju dan dapat mensejahterakan masyarakat indonesia #BersamaOBLPekerjaSejahtera @chaes0nghwa @owyeuuin",Positive
"Semoga dengan adanya Omnibus Law, perkembangan UMKM dapat lebih baik dan dapat bersaing di kancah internasional #BersamaOBLPekerjaSejahtera @chaes0nghwa @gononealus @owyeuuin",Positive
"Semoga dengan adanya Omnibus Law, perekonomian Indonesia dari segi UMKM dapat berkembang dan dapat bersaing di kancah dunia #BersamaOBLPekerjaSejahtera @_sayangkuh__ @gononealus @xsoojix @owyeuuin",Positive
Semoga Dengan Adanya Omnibus Law Perekonomian Negara Indonesia bisa membaik juga untuk kebaikan UMKM #BersamaOBLPekerjaSejahtera Yuk Ikutan @Nasaie_74 @TinaHamsir @antobisaa1 @Fathul13Afif @UcupAsj,Positive
"Semoga dengan adanya Omnibus Law perekonomian di Indonesia bisa membaik kembali melalui UMKM sehingga mampu bersaing di dunia. Ayo, sama2 kita dukung program Omnibus Law #BersamaOBLPekerjaSejahtera @Dumbledoreuwu @bukanlaptopku @suncukk @leejump_lee",Positive
Seleksi dalam Omnibus Law itu BERAT. Jadi tidak mungkin Omnibus Law memberikan kesempatan yang luas bagi TKA untuk bisa seenaknya bekerja di Indonesia. #DukungOmnibusLawCiptaKerja #DukungRUUCiptaKerja #RUUCiptaKerjaUntukRakyat #CiptakerSolusiPHKMassal #EkonomiKreatif #UMKM,Positive
Selamatkan nasib UMKM melalui RUU Cipta Kerja. . . #omnibuslaw #ciptakerja #ruuciptakerja #omnibuslawciptalapangankerja #omnibuslawuntukrakyat https://www.instagram.com/p/CDbOwbGAL0D/?igshid=cjnckqbp82ov,Positive
"Selamat pagi teman LPKA. Belakangan ini, istilah omnibus law cukup populer di Indonesia. Sekarang ini pemerintah sedang gencar meyakinkan publik tentang omnibus law sebagai solusi tepat pembangunan, salah satunya‚Ä¶ https://www.instagram.com/p/CCC3M3fD81Y/?igshid=p10yjpvjhpyc",Positive
"Selamat pagi #SahabatPengayoman istilah omnibus law cukup populer di Indonesia. Sekarang ini pemerintah sedang gencar meyakinkan publik tentang omnibus law sebagai solusi tepat pembangunan, salah satunya dalam bidang ekonomi #OmnibusLaw #KolaborasiBerkinerja #KamiPasti",Positive
Selamat malam ... Sudah malam dapat berita beginian *BANK DUNIA REKOMENDASIKAN KUNCI PEMULIHAN EKONOMI INDONESIA DIANTARANYA YAITU OMNIBUS LAW DAN REFORMASI BUMN !!* #ErickOut #JagaJokowi https://bisnis.tempo.co/read/1365852/bank-dunia-sebut-tiga-kunci-pemulihan-ekonomi-indonesia,Positive
"Selama pandemi, sudah ada sebanyak 1,28 juta warga miskin baru yang tercatat. Jika dibiarkan, jumlahnya akan semakin banyak. RUU Cipta Kerja harus segera disahkan, agar lapangan kerja bisa secepatnya dibuka sehingga mengurangi angka kemiskinan. #CiptaKerjaUntukSemua #OmnibusLaw ",Positive
"Selama ini izin membangun usaha sangat sulit ditambah prosedur yang berbelit-belit. Sekarang saat ada cara untuk memudahkan segara perizinan, kenapa masih kita tolak? Seperti yang dikatakan Pak Jeje Zainudin, Wakil Ketua PERSIS. #CiptaKerjauntukSemua #OmnibusLaw ",Positive
"selama aturan itu bisa membantu buruh seperti aq buat jd lebih baik,,pasti aq dukung tapi gk tw tmn2 buruh yg udah kena provokasi tanpa tau isi,,smoga dapet pencerahan n bisa sadar akan bagus'a omnibus law ini #HTICoronaFPImusuhRakyat",Positive
"Selalu dukung untuk OmnibusLaw ini bagus sih positif bgtt buat next generasi muda dan juga pekerja lainnya, karna kebutuhan juga sudah naik dan seharusnya perusahaan memberikan upah harus diatasi dari upah minimum jgn malah dibawahh good ?üòâ #RUUPCiptaKerjaLindungiPekerja",Positive
"Selalu dukung Omnibuslaw , Jaminan dan perlindungan bagi para pekerja Indonesia. #BersamaOBLPekerjaSejahtera @Mithaprstw @Ikahidayatt @Aiiu_Julianti",Positive
Selalu Dukung Omnibus Law untuk perekonomian Indonesia lebih baik lagi. #RUUCiptaKerjaLindungiPekerja,Positive
"Selalu Dukung Omnibus Law dan Jangan Mau Terprovokasi Ajakan Demo, Karena Kita semua adalah Masyarakat Cerdas. #DukungOBLTolakAksiDemo Yuk kawan ramaikan @KUPATTAHU01_ @Ayu666_ @AbidahMuthi @winsandiii @JanganInsekyurr",Positive
Selain upah dan THR pekerja dapat uang penghargaan #OmnibusLawCiptaKerja #OmnibusLaw #Investasi #Ekonomi #Buruh #UMKM #IndonesiaMaju,Positive
"Selain membuka peluang kerja seluasnya, RUU Cipta Kerja juga melindungi pekerja dari PHK ""PENGUSAHAWAJIB MEMBAYAR UANG PESANGON MASA KERJA KEPADA PARA PEKERJA YG DI PHK"" asal 156 ayat (1) RUU CIPTA KERJA #OmnibusLaw ",Positive
"Selain masuknya investasi ke Indonesia, OmnibusLaw juga diharapkan dapat menjadi stimulus bagi sektor UMKM. #DukungOmnibusLaw #OmnibusLaw ",Positive
"Selain itu, RUU Cipta Kerja mendorong hubungan yang sinergis antara pengusaha dan tenaga kerja untuk lebih baik ke depannya. #EkonomiIndonesia #IndonesiaMaju #JokowiMaruf #CiptaKerja #Covid19 #AirlanggaHartarto #MenkoPerekonomian #Jokowi #OmnibusLaw ",Positive
Sandiaga Uno Optimis RUU Cipta Kerja Mampu Buka Lapangan Kerja #PermudahInvestasiEraPandemi #OBLSejahterakanBuruh #OmnibusLaw #RUUCiptaKerja #Ciptaker #RUUOmnibusLaw #IndonesiaMaju #01indonesiamaju #Istanamerdeka #RUUPekerja #JokowiPresidenku #Merdeka #Jokowi #jokowidodo,Positive
Sandiaga uno mendukung pemerintah untuk mendongkrak ek9nomi melalui Omnibus Law #OBLSejahterakanBuruh #IndonesiaBarokah #EraJokowi #Jokowikerjanyata #indonesiasentris #IndonesiaMaju #NewNormalIndonesia #Istanamerdeka #Marufamin #NewNormalPulihkanEkonomi #Merdeka,Positive
Sandiaga Uno : Omnibus Law Prioritaskan Talenta Indonesia #OmnibusLaw #VideoViral #lagiviral #indonesiabisanewnormal #Indonesia #IndonesiaKuatEkonomiSehat,Positive
"Sambutan positif terus mengalir terkait pembahasan Rancangan Undang-Undang (RUU) Cipta Kerja atau Omnibus Law. Sebagai regulasi yang memangkas birokrasi, RUU Cipta Kerja diyakini bisa mendorong investasi &amp",Positive
Sambut baik pembahasan RUU Cipta Kerja oleh Pemerintah dan DPR... #OmnibusLaw #OmnibusLawIndonesia #omnibusLawCiptaLapanganKerja,Positive
"Salah satu tujuan RUU Cipta Kerja ialah untuk membuka gerbang investasi. Jika investasi berhasil masuk di tengah pandemi ini, maka akan terbuka juga lapangan kerja dan sektor-sektor terdampak pandemi bisa kembali bergerak. #CiptaKerjaUntukSemua #OmnibusLaw ",Positive
Salah satu sisi positif dari tujuan RUU Omnibus Law tersebut adalah untuk menciptakan lapangan kerja bagi para pengangguran. Mari dukung #BersamaOBLPekerjaSejahtera,Positive
Salah satu poin yg akan berdampak positif adlh soal investasi. Sander menyatakan kemudahan investasi utk asing akan mengerek penanaman modal asing(PMA)di Indonesia . .. Bank Dunia: Omnibus Law Bensin Utama Pemulihan Ekonomi RI #PulihkanEkonomiDenganOmnibus,Positive
Salah satu persoalan yang harus dihadapi UMKM ¬ø¬°¬ø #DukungOmnibusLaw #IndonesiaMaju #RakyatBersatuNKRIMaju #OmnibusLaw #IndonesiaMerdeka #OmnibusLawCiptaKerja #RUUOmnibusLaw #RuuCiptaKerja,Positive
Salah satu penyangga ekonomi nasional ialah UMKM dan Koperasi #DukungOBLEkonomiMaju Omnibus Law meningkatkan pertumbuhan ekonomi nasional,Positive
Salah satu pasal di RUU Cipta Kerja #OmnibusLaw #DukungOmnibuslaw #RUUCiptaKerja,Positive
Salah satu manfaat dari RUU Cipta Kerja adalah pekerja tidak akan mendapat gaji dibawah Upah Minimum #DukungOmnibusLaw #OmnibusLaw #RUU #Cipta #Kerja,Positive
"Salah satu manfaat dan keunggulan dari RUU Cipta Kerja adalah memajukan UMKM. Jika UMKM lebih berjaya, maka Indonesia akan lebih kaya! #CiptaKerjauntukSemua #OmnibusLaw ",Positive
Salah jg kalau ibu mati2an menolak omnibus law Krn omnibus law itu memang diperlukan utk menciptakan iklim usaha yg lancar &amp,Positive
"Salah bila kita masih menduga bahwa Omnibus Law mempermudah TKA bekerja di Indonesia. TKA mendapat izin bekerja tapi hanya untuk tenaga-tenaga ahli, seperti tenaga perawatan tertentu, peneliti dan tenaga bidang start up. #PermudahInvestasiEraPandemi",Positive
"Salah banget kalau mengira RUU Cipta Kerja malah membuat rakyat menderita. Kenyataannya, RUU Ciptaker malah menguntungkan rakyat. Apalagi untuk yang ingin membuka usaha. Izin usaha semakin mudah setelah ada RUU Cipta Kerja. #OmnibusLaw #CiptaKerjauntukSemua",Positive
"Sahabat #nusabangsa, masih ingat tentang Omnibus Law? Berikut ada update tentang Omnibus Law. Ternyata pemerintah concern tentang isu lingkungan di RUU. Cukup melegakan bukan? #OmnibusLawIndonesia",Positive
"Saatnya perbaiki ekonomi nasional dengan Omnibus Law, cermati baik2 dan terus kawal ",Positive
"Saat Omnibus Law Cipta Kerja ini diberlakukan mungkin jumlah pesangon akan berkurang. Namun hal tersebut akan terkompensasi melalui cash benefit, yaitu program jaminan kehilangan pekerjaan terhadap pekerja yang di PHK. #ManfaatPasalRUUCiptaker @Sandifah20 @soly030 @yoraaa18",Positive
"Saat memasuki hidup ""New Normal"", kebiasaan2 lama perlu diubah. Begitu juga dengan perizinan yg berbelit2, ribet dan tumpang tindih. Semua diubah menjadi di luar kebiasaan, simple & cepat. Omnibus Law Dinilai Bisa Tarik Kembali Investor Usai Pandemi. ",Positive
"Saat ini UMKM Indonesia sulit berkembang sehingga penyerapan tenaga kerja pun terhambat. RUU Cipta Kerja hadir untuk memudahkan laju pertumbuhan UMKM, mulai dari perizinan sampai investasi. #CiptaKerjaUntukSemua #OmnibusLaw #RUUCiptaKerja",Positive
Saat ini sudah lebih banyak masyarakat menyadari bahwa Omnibus Law RUU Cipta Kerja memiliki dampak yang positif. #RUUCiptaKerja,Positive
"saat ini masih pandemi corona, jangan mau dibohongi oleh mafia buruh, faktanya Omnibus Law justru mensejahterakan pekerja dan buruh. #dirumahaja #takperludemo #stopprovokasi",Positive
RUU tersebut perlu disahkan secepatnya untuk menjadi payung hukum dan pertumbuhan ekonomi yang selama ini melambat bisa dikejar kembali. Kemudahan investasi dan kepastian berbisnis ini paling ditunggu investor pasca pandemi Covid-19 ini. #RUUHIP #OmnibusLaw ,Positive
RUU OmnibusLaw Ciptakerja memberikan solusi terbukanya banyak lapangan pekerjaan sehingga lulusan sekolah atau perguruan tinggi dipastikan akan terserap dan mereka dapat pekerjaan #HarapanBaruPencariKerja Kuy merapat: @zahrashyf @Ravindraegar @ccpsugiono1 @BebekUngkep_69,Positive
RUU OMNIBUSLAW cipta kerja merupakan salah satu solusi atasi PHK akibat pandemi covid-19 #omnibuslawindonesia #indonesiatanggapcorona,Positive
RUU OMNIBUSLAW cipta kerja dinilai dapat menjadi terobosan untuk melakukan recovery perekonomian Nasional stelah terdampak pandemi covid-19 #OmnibusLawindonesia #indonesiatanggapcorona,Positive
RUU Omnibuslaw adlah upaya dri pemerinth tuk menyederhanakan peraturan yg slama ni mempersulit n menghambat berkembangnya perekonomian Indonesia. #DisiplinCegahGelombangKe2 #NewNormal,Positive
RUU Omnibuslaw adalh upaya dr pemenrintah unt menyederhanakan peraturan yg slama nih mempersulit &amp,Positive
RUU Omnibuslaw adalah upaya dari pemerintah untuk menyederhanakan peraturan yang selama ini mempersulit dan menghambat berkembangnya perekonomian Indonesia. #omnibuslawciptalapangankerja #omnibuslaw #buruh #tolakanarkis,Positive
RUU Omnibus Law: Upaya Perkuat Perekonomian Nasional melalui Penciptaan Lapangan Kerja dan Fasilitas Perpajakan. #OmnibusLawSolusiPekerja @AhwaNurul @cahyo_kla10,Positive
RUU Omnibus Law: Upaya memperkuat Perekonomian Nasional melalui Penciptaan Lapangan Kerja dan Fasilitas Perpajakan. #OmnibusLawSolusiPekerja,Positive
RUU Omnibus Law untuk menghadapi bonus demografi dan meningkatkan angkatan kerja '..' #DukungOmnibusLaw #IndonesiaMaju #RakyatBersatuNKRIMaju #OmnibusLaw #IndonesiaMerdeka #OmnibusLawCiptaKerja #RUUOmnibusLaw #RuuCiptaKerja,Positive
RUU Omnibus Law untuk membangun perekonomian Indonesia #JagaDanPerkuatPancasila,Positive
"RUU Omnibus Law tentunya akan menjadi solusi atas timpang tindihnya regulasi. Bahkan, Omnibus Law sendiri juga memiliki banyak manfaat diantaranya kemudahan berusaha sehingga tercipta lapangan kerja baru bagi masyarakat. #RUUCiptaKerjaLindungiPekerja @bernaaatt @soly030",Positive
RUU Omnibus Law sebagai langkah perbaikan regulasi perizinan di Indonesia yang selama ini tumpang tindih.. Mari kita dukung kebijakan Pemerintah Indonesia dalam merealisasikan OMNIBUS LAW.. ‚úä‚úä #DealBersamaJokowi #DukungOmnibusLaw #OmnibusLawUntukRakyat #KamiBersamaJokowi,Positive
RUU omnibus law satu kelanjutan dari UU minerba yg di setujui PKS juga itu,Positive
RUU Omnibus Law sangat baik untuk menghilangkan birokratisasi dan regulasi ^‚ñ™Ô?é^ #DukungOmnibusLaw #IndonesiaMaju #RakyatBersatuNKRIMaju #OmnibusLaw #IndonesiaMerdeka #OmnibusLawCiptaKerja #RUUOmnibusLaw #RuuCiptaKerja,Positive
RUU Cipta krj tingkatkan ksjhtraan pkerja lokal #DukungOmnibuslaw #RUUOmnibsuLaw #RUUCiptaKerja #RuuCiptaker #OmnibusLaw ,Positive
"RUU cipta kerja, kegiatan usaha mikro dan kecil dapat dijamin kredit program #OmnibusLaw #OmnibusLawCiKa #RUUOmnibusLaw #OmnibusLawCiptaker",Positive
"RUU Cipta Kerja, bentuk peluang yang muda berwirausaha dan bangkit pasca pandemi. Pasal 99 RUU Cipta Kerja, UMKM diberikan kemudahan/penyederhanaan administrasi perpajakan sesuai peraturan. #RUUCiptaKerja #OmnibusLaw #OmnibusLawSolusiPekerja",Positive
RUU Cipta Kerja yang sudah selesai dibahas oleh Tim Tripartit akan menghasilkan kesepakatan yang menguntungkan untuk semua pihak. Semua akan merasakan manfaat dari RUU yang akan segera dibahas di DPR ini. #CiptaKerjauntukSemua #OmnibusLaw ,Positive
RUU Cipta Kerja yang sedang disiapkan dengan mata oleh pemerintah dan dibahas dengan berbagai asosiasi dunia usaha harus segera direalisasikan agar bisa diimplementasikan secara maksimal. #omnibuslaw #ciptakerjauntukpekerja,Positive
RUU Cipta Kerja yang sedang dibahas oleh DPR memiliki potensi untuk menjawab kebutuhan akan kemudahan untuk pekerja dan pengusaha. #KabinetIndonesiaMaju #JokowiMaruf #MenkoPerekonomian #AirlanggaHartarto #PerekonomianIndonesia #PerekonomianMaju #RUUCiptaKerja #Covid19 #OmnibusLaw ,Positive
"RUU Cipta Kerja Memberikan Kemudahan, Pemberdayaan, dan Perlindungan UMKM Serta Koperasi #malamminggu #RUUCiptaKerja #OmnibusLaw ",Positive
RUU cipta kerja Memberikan jaminan pekerjaan dalam rangka mempertahankan derajat hidup yang layak . . #OmnibusLaw #OmnibusLawCiptaKerja,Positive
Ruu cipta kerja memberikan Batasan jam pekerja?üòò #OmnibusLaw #RUUCiptaKerja #IndonesiaMaju #Jokowi #Indonesia #nkri #NKRIHargaMati #indonesiamaju #indonesiadamai #pancasila #noprovokasi #nomakar #noadudomba #Nosara‚Ä¶ https://www.instagram.com/p/CDKupTkp1fX/?igshid=33iysd0vnurd,Positive
RUU Cipta Kerja Memberi Kemudahan Dalam Penyerapan Tenaga Kerja Baru. . . #omnibuslawciptalapangankerja #omnibuslaw #dukungbersama #KawalSahkanOmnibuslaw #TolakAksiDemoSaatPandemi,Positive
RUU Cipta Kerja Memberi Kemudahan Dalam Bagi Para Pelaku UMKM. . . #omnibuslawciptalapangankerja #omnibuslaw #dukungbersama #KawalSahkanOmnibuslaw #TolakAksiDemoSaatPandemi,Positive
RUU cipta kerja memberi jaminan kehilangan pekerjaan dalam rangka mempertahankan derajat hidup yang layak . . #omnibuslaw ,Positive
"RUU Cipta Kerja membawa banyak manfaat, baik untuk rakyat, juga perekonomian Indonesia. Segala kemudahan juga akan didapat, demi terciptanya lapangan kerja. Indonesia perlahan maju, menjauh dari resesi ekonomi #CiptaKerjaUntukSemua #OmnibusLaw #Ekonomi #Bangsa",Positive
RUU Cipta Kerja itu mensejahterakan dan melindungi pekerja #DukungOmnibusLaw #RUU #Cipta #Kerja #OmnibusLaw ,Positive
"RUU Cipta Kerja ini tujuan utamanya adalah memberikan lapangan kerja untuk anak-anak muda di Indonesia, jadi jangan takut masalah TKA. Sudah tertulis dengan jelas, anak bangsa harus lebih diutamakan. #CiptaKerjauntukSemua #OmnibusLaw ",Positive
RUU Cipta Kerja ini kiranya bisa menjadi solusi akibat persoalan nasional yang lahir akibat Covid-19. Rieke Diah Pitaloka Anggota DPR RI Fraksi PDIP . . #ciptakerja #ruuciptakerja #omnibuslaw #omnibuslawciptakerja #pdip,Positive
"RUU Cipta Kerja ini dibutuhkan untuk mendongkrak pertumbuhan ekonomi. Di masa krisis karena pandemi, Omnibus Law ini menjadi lebih dibutuhkan. #RUUCiptaKerja #OmnibusLaw #omnibuslawsolusipekerja",Positive
"RUU Cipta Kerja ini dibangun dengan semangat melindungi pekerja di berbagai sektor, kebutuhan SDM dan jenis pekerjaan lambat laun akan lebih bervariasi. Maka Omnibus Law Cipta Kerja adalah solusi baik untuk percepatan pemulihan ekonomi #RUUCiptaKerjaLindungiPekerja",Positive
"RUU Cipta Kerja ini bisa dijadikan momentum untuk membenahi regulasi yang tadinya berantakan menjadi lebih sederhana, agar tidak lagi merepotkan pelaku UMKM. Regulasi sederhana akan menjamin UMKM lebih berkembang! #OmnibusLaw #CiptaKerjauntukSemua",Positive
RUU 79 RUU CIPTA KERJA Pengusaha wajib memberikan waktu istirahat dan cuti bagi pekerja. #OmnibusLaw ,Positive
"RUU #OmnibusLaw dapat menjadi terobosan untuk mempercepat reformasi ekonomi nasional, sekaligus membuka lapangan kerja baru di tengah Pandemi Covid-19. #OmnibusLawIndonesia #IndonesiaTanggapCorona",Positive
"RUU _Omnibus Law_ Cipta Kerja merupakan rancangan undang-undang yang mencakup lebih dari satu aspek yang digabung menjadi satu undang-undang sebagai wujud ikhtiar pemerintah untuk mendorong pertumbuhan investasi dan UMKM, diharapkan dapat meningkatkan jumlah lapangan kerja baru. ",Positive
"Rumusan Omnibus Law RUU Cipta Kerja justru telah mengembalikan tujuan utama dari upah minimum, yakni sebagai jaring pengaman bagi para pekerja.",Positive
Ruang perbaikan regulasi perizinan di indonesia #PermudahInvestasiEraPandemi #OBLSejahterakanBuruh #OmnibusLaw #RUUCiptaKerja #Ciptaker #RUUOmnibusLaw #IndonesiaMaju #01indonesiamaju #Istanamerdeka #RUUPekerja #JokowiPresidenku,Positive
Roda ekonomi yang masih sulit berputar membawa kita pada ancaman resesi ekonomi yang sudah di depan mata. Angka pengangguran dan kemiskinan terus meningkat. Kita bisa bangkita dari keterpurukan ini ketika RUU Cipta Kerja sudah disahkan. #CiptaKerjauntukSemua #OmnibusLaw ,Positive
"Risiko dimaksud adalah adanya sanksi kepada pihak yang memohon izin memang sudah diatur dalam omnibus law, misalnya Izin Mendirikan Bangunan (IMB). #OmnibusLawIndonesia #omnibuslawciptalapangankerja #PermudahInvestasiEraPandemi",Positive
Risetnya @remotivi menarik banget. Omnibus law cenderung dapat citra positif dari pemberitaan media. Kok bisa ya? https://remotivi.or.id/pantau/576/omnibus-law-media-menjadi-humas-pemerintah,Positive
"Resistensi dalam prose perumusan Omnibus Law RUU Cipta Kerja justru sangat disayangkan, karena RUU Cipta Kerja dapat dipelajari dan dikaji bersama-sama demi terciptanya harmonisasi dan meningkatkan kehidupan para pekerja secara lebih profesional.",Positive
Reposted from Pasal 46B RUU Omnibus Law Cipta Kerja #OmnibusLaw ¬? ¬? ¬? #DukungOmnibusLaw #OmnibuslawUntukNegeri #DorongEkonomi #PerekonomianMaju #DukungKebijakanPemerintah #IndonesiaMaju #RakyatSejatera #OmnibusLawCiKa #RUUOmnibusLaw,Positive
"Rekomendasi Bank Dunia untuk Pemulihan Ekonomi RI, Termasuk RUU Cipta Kerja: ""Omnibus Law diperlukan untuk mendukung upaya pemerintah mempercepat pemulihan ekonomi Indonesia. Juga penting untuk tidak menyertakan beberapa pembatasan pada investasi dan‚Ä¶ ",Positive
"Regulasi yang mengatur UMKM masih berbelit, jadi bagaimana UMKM bisa berkembang ? Jadi menyelamatkan UMKM adalah dengan memprioritaskan pembahasan RUU cipta kerja klaster UMKM dipercepat. . . #omnibuslaw‚Ä¶ https://www.instagram.com/p/CDUuvGEA8sX/?igshid=19bvxwadl428y",Positive
Prioritas terhadap kaum hawa #omnibuslaw #omnibuslawciptaker #ciptakerja #ciptaker #umkm #yangpastipastiaja #dukungomnibuslaw #dukungciptaker,Positive
Prinsip Pancasila dan Semangat membangun Bangsa dan Negara terlihat dalam RUU Omnibus Law..ini Wajib kita dukung.. #CiptakerBukaLapanganKerja ##CiptakerBukaLapanganKerja,Positive
Prinsip ekonomi kerakyatan akan semakin beegairah seiring dengan adanya regulasi yang mendukung sektor tersebut. #DukungOmnibusLaw #OmnibusLaw ,Positive
presiden meminta masyarakat tdk khawatir dgn keberadaan OmnibusLaw. Jokowi memperkirakan perlu waktu 5 bulan utk mengesahkan RUU Cipta Kerja ini di DPR. pemerintah membuka diri terhadap segala kritik dan masukan yg diberikan masyarakat. #DukungOmnibusLaw #PakeMaskerHargaMati,Positive
"Presiden Jokowi: ""Omnibus Law Merupakan Solusi Melepas Ego Sektoral Kementerian. #CovidDKImeroketPicuResesi",Positive
"Presiden Jokowi memutuskan untuk menambah program jaminan sosial bagi buruh, yaitu jaminan kehilangan pekerjaan. Tambahan program jaminan sosial butuh tersebut tertuang dalam Omnibus Law RUU Cipta Kerja yang telah diserahkan kepada DPR. #DukungOBLEkonomiMaju",Positive
Presiden Jokowi Bahas Penyusunan RUU Omnibus Law Cipta Lapangan Kerja ,Positive
"Presiden Joko Widodo telah membuka keran investasi dengan dalih membuka lapangan pekerjaan, hal ini telah mensponsori pembahasan dan pengesahan Omnibus Law dan RUU Cipta Kerja Namun RUU tersebut justru akan membawa perlindungan lingkungan dan sosial indonesia, semakin (cont)",Positive
"Pr buruh klo menyadari scr logika hanya ditipu oleh si said iqbal ini. Dia yg kaya raya tinggal di rmh mewah, sdgkan nasib buruh tetaaaap aja tinggal di kost""an bedeng. Perlu buruh ketahui, RUU Omnibus Law itu justru memberikan perlindungan bukan menjerumuskan.",Positive
"Positivis, kita akan bahas dikit RUU Omnibus Law ya. Penjelasan singkat dari Menteri LHK, ternyata pemerintah concern terhadap isu lingkungan. Kabar ini menjawab isu yg beredar tentang lingkungan. #OmnibusLawIndonesia",Positive
Politisi Golkar Sebut Omnibus Law Akselerasi Ekonomi Kreatif dan Digital https://m.tribunnews.com/amp/nasional/2020/07/24/politisi-golkar-sebut-omnibus-law-akselerasi-ekonomi-kreatif-dan-digital #JokowiTurun,Positive
"Politikus PDIP Aria Bima menyampaikan, ombibus law merupakan terobosan untuk melompat dalam konektivitas darat, laut, dan udara melalui telekomunikasi untuk pertumbuhan ekonomi. ""Itulah perlunya omnibus law untuk mengakselerasi,"" ujarnya.",Positive
"Politikus Golongan Karya (Golkar) Meutya Hafid menilai, kesadaran masyarakat terhadap relevansi Omnibus Law Rancangan Undang Undang ( RUU) Cipta Kerja makin kuat di masa pandemi Covid-19 ini.",Positive
"perundang¬?an perpajakan, menciptakan keadilan iklim pengusaha dan mendorong kebutuhan membayar pajak.Disisi lain undang¬? omnibuslaw ini mampu menciptakan lapangan kerja,penyederhanaan perizinan, perlindungan UMKM, penanganan sanksi, pengadaan lahan dan pemudahan proyek pemerintah",Positive
Perumusan Omnibuslaw juga melibatkan berbagai pihak termasuk serikat pekerja #KamiDukungOmnibusLaw,Positive
Perumusan kebijakan pengupahan melibatkan berbagai elemen guna mewadahi aspirasi pekerja #OmnibusLaw ,Positive
Perubahan yang terjadi akibat pandemi harus segera ditangani. UMKM juga mulai harus bergerak lagi dalam New Normal ini agar ekonomi bisa kembali bergerak. Semua harus didukung dengan program yang telah pemerintah siapkan yaitu RUU Cipta Kerja. #CiptaKerjauntukSemua #OmnibusLaw ,Positive
Perubahan pasti melahirkan pro kontra. Yuk berani berubah bersama Omnibus Law. Dukung dan kritisi agar Indonesia tetap maju. Menolak sekarang tidak ada gunanya. #DukungOmnibusLaw,Positive
Perubahan drastis berupa peningkayan pendapatan dan jaminan sosial akan segera dirasakan jika omnibuslaw disahkan.. #DukungOmnibusLaw,Positive
Pertumbuhan investasi guna penciptaan lapangan kerja baru #OmnibusLaw ,Positive
"Pertumbuhan ekonomi pasca pandemi bisa didorong dengan RUU Cipta Kerja Omnibus Law. Pasalnya, RUU ini dapat menghilangkan tumpang tindih peraturan yang selama ini menjadi penghambat investasi. #omnibuslaw #ciptakerjauntukpekerja",Positive
Pengusaha baru akan semakin dipermudah di Omnibus Law #OmnibusLaw ,Positive
pengulas ketenagakerjaan dari RI consultant Advanced Technology law ( ICLAW. hemasari dharmabumi. #DukungOmnibusLaw #OmnibusLaw #OmnibusLawbangkitkanekonomi #RUUOmnibusLaw #RUU #RUUciptaker #CiptaKerja,Positive
Penguatan Fungsi UMKM Bukti Bahwa Omnibus Law RUU Cipta Kerja Sangat Bermanfaat dengan Lingkup yang Sangat Luas ,Positive
Penguatan BUMDES dalam Omnibus Law sebagai solusi menjadikan lebih efektif dan efisien dalam rangka mendorong perekonomian desa. #OmnibusLawSolusiPekerja,Positive
Penguatan BUM Desa Dijadikan Salah Satu Prioritas Utama Agar Pemerataan Ekonomi Terwujud Maksimal #Omnibuslaw #DukungOmnibuslaw,Positive
Penguatan badan usaha milik desa salah satu prioritas Omnibuslaw.. #OmnibusLawSolusiPekerja,Positive
"untuk teman-teman yang melakukan aksi tolak omnibus law kemarin, stay safe stay healty semangat! ?üåª",Negative
"Untuk siapapun yg besok aksi menolak RUU Omnibus Law, jaga diri, jaga jarak. Semangat lawan oligarki!",Negative
"Untuk siapa #ManfaatPasalRUUCiptaker sebenarnya, jika omnibus law sendiri adalah pesanan para kapitalis besar nan serakah. Bentuk keberpihakan rezim kepada oligarki bukan?",Negative
Untuk sekarang mah yang jahat tuh omnibuslaw. bukan kamu lagi.,Negative
"Untuk RUU HIP PKS dan PD menolak. Krena jelas, Pancasila bukan untuk diutak Atik lagi. Omnibus law? Saya berprasangka baik saja, PKS sedang berjuang jg memberi pandangan dalam pembahasan. Mengoreksi poin¬? RUU itu jg perjuangan..",Negative
Untuk poin2 itu mimin setuju dengan aksi penolakan #Buruh. RUU Cipta Kerja berpotensi menambah investasi dari luar namun sebaliknya poin2 itu menekan masyarakat sebagai pekerja lokal/buruh. @plusminusloquar menolak RUU Cipta Kerja/Omnibus Law. ,Negative
"Untuk para kawan-kawan muda, khususnya tiqtoq sindrom dan para pakboi/pakger sisihkan dulu profesi kalian itu. Kita masih punya PR yang kedepannya akan memperkecil ruang gerak (anak muda). Sebagai generasi muda, kita harus punya keintelektualan yang cukup. #OMNIBUSLAW ",Negative
"Untuk menyelamatkan bapak aku yg jadi karyawan pabrik, tolak omnibus law adalah salah satunya, apapun jabatannya, PHK tanpa pesangon itu gak manusiawi?üò°",Negative
Untuk kawan2 yg turun aksi siang ini.. semangat ya.. jegal omnibuslaw sampai gagal... Jgn lupa protokol kesehatannya yak.. #GagalkanOmnibusLaw,Negative
"Untuk kawan kawan seperjuangan yang berada di jalan garda terdepan menolak omnibuslaw baik di jalanan gedung DPR maupun DPRD dimanapun. ""aku padamu"" #GagalkanOmnibusLaw",Negative
"Untuk itu, ayo sama2 bersuara untuk mendesak pemerintah dan DPR untuk menghentikan pembahasan Omnibus Law. Suarakan kegelisahanmu ke pemerintah, Fraksi DPR, dan anggota panitia kerja RUU Cipta Kerja di DPR!#AtasiVirusCabutOmnibus #TolakOmnibusLaw #WaspadaiOmnibusLaw",Negative
"Untuk direnungkan ... Komposisi Anggota @DPR_RI dan kemungkinan KEBERPIHAKAN + Conflict of Interest dalam PENYUSUNAN UNDANG-UNDANG. Contoh: -Revisi UU KPK -Revisi UU Minerba -Draft Omnibus Law, dll ?üò¢ ",Negative
Untuk case status diatas Revolusi masih jauh. Yang ada (hanya jika RUU Omnibus Law Batal n Otsus II dicabut) adalah sebagai kemenangan kecil untuk membuka kesadaran klas.,Negative
"UNJUK RASA BURUH: Massa dari elemen buruh Mojokerto, Pasuruan, Sidoarjo, Rungkut bergerak menuju Kantor Gubernur Jatim di Jl Pahlawan, Selasa (28/7). Mereka akan menyampaikan suara menolak pembahasan RUU Cipta Kerja (Omnibus Law). ",Negative
Unit Lidik I Sat Intelkam Polres Wajo melksanakan Gal dan koordinasi dengan Ketua FPE SBSI Kab.Wajo Sdr. KADIR NONGKO terkait rencana aksi penolakan OMNIBUS LAW ,Negative
Unit Lidik I Sat Intelkam melksanakan Gal dan koordinasi dengan Ketua FPE SBSI Kab.Wajo Sdr. KADIR NONGKO terkait rencana aksi penolakan OMNIBUS LAW ,Negative
Undangan Terbuka diskusi dan Konsolidasi Solidaritas Pergerakan Mahasiswa Indonesia. Tolak Omnibus Law #ganyangDPR @dsuperboy @FiersaBesari @kegblgnunfaedh @NajwaShihab @RokiGerung @WOWFAKTA @hariankompas @Arajuang @DppAliansi @AmbyarAliansi @gerakan_aktivis @mahasiswajatim,Negative
"Undangan Diskusi Publik ""Penambahan Kewenangan Kepolisian dalam Omnibus Law RUU Cipta Kerja: Ancaman Terhadap Kelompok Minoritas?"" #AtasiVirusCabutOmnibus",Negative
Undang-undang Omnibuslaw yang merupakan Kebanggaan Rezim Kucluk. DITOLAK OLEH BANK DUNIA. Tanda2 World Bank dan Kreditor Dunia lain nya Sudah TIDAK LAGI MENDUKUNG PEMERINTAH @jokowi. Selamat Datang Resesi dan Defresi di Indonesia.,Negative
"Undang-undang Omnibuslaw di Tolak Bank Dunia,. Ini tanda Para Kreditor sudah tidak lagi Mendukung Presiden @jokowi .",Negative
"Undang-Undang akan selalu bisa 'ditangkis' dengan Undang-Undang lainnya. Jika Peraturan Perundangan dirancang terlalu bebas, maka akan menyebabkan Benturan antar Wewenang. Inilah alasan kenapa Rakyat Menolak Keras RUU OmniBusLaw &amp",Negative
Umat muslim dikasih maenan RUU HIP agar lupa RUU Omnibus Law dan RUU Cilaka yang lebih berdampak ke rakyat kecil,Negative
"Umat di buat binggung habis tolak RUU HIP dibahas lagi RUU Omnibus law,dari pada binggung TOLAK KAPITALISME",Negative
"ULAMA Menyerukan Umat Islam Bersatu Tegakkan Amar Ma'ruf Nahi Munkar, Tolak RUU HIP , RUU Omnibus Law, Cipta Kerja Yg Merugi kan Rakyat Kecil Bangsa Sendiri #IndonesiaSiapPeoplePower #IndonesiaSiapPeoplePower",Negative
"ULAMA Menyerukan Islam Bersatu' TOLAK RUUHIP Pro Komunis, RUU Omnibus Law, Cipta Kerja Yg Berpihak Kpd Kapitalisme, Merugikan Anak Bangsa Sendiri PHK Massal, TKA Aseng Berdatangan Terus #IndonesiaSiapPeoplePower #IndonesiaSiapPeoplePower",Negative
"Ulama digiring hanya meributkan yg berbau agama langsung. Akibatnya, sebag umat akan lbh respek ke partai itu, apalg setelah partai-2 koalisi dipecundangi dgn jebakan berbagai UU kontroversi, mulai dari UU kpk, omnibus law, minerba, HIP. Sekrg laras mereka mulai diarahkan ke pks.",Negative
Ujung2nya artikel tsb pembenaran utk omnibus law. Utk upah sbnrnya trkait pengendalian harga ?üòé,Negative
"udah gede, aset banyak, Indonesia mau dicaplok, kan bangke #LIPPODalangOmnimbusLaw",Negative
"Udah ga relevan aksi nuntut HIP mah boss,lain kali di kaji dulu dan harus tau Substansi. Jangan cuma jadi pendemo ikut-ikutan,MPR-DPR udah nyetop pembahasan HIP. Yg lagi genting itu OMNIBUSLAW yg ngasih kebebasan bagi Investor dan mengerangkeng rakyat kecil ",Negative
"Udah ga ada malu2nya nipu sana-sini. Keahliannya memang jilat ludah sendiri. Gampang banget bilang reses ga bakal bahas Omnibus Law, tapi kenyataannya begini. Wahai, @DPR_RI yang tidak terhormat! ?ü§¨?ü§¨?ü§¨?ü§¨?ü§¨ #GagalkanOmnibusLaw #AtasiVirusCabutOmnibus",Negative
udah demo masi dibilang ina itu anjir. makanya gua bilang jarang orang punya rasa empati. jadi korban baru paham. gatau aja omnibus law jahatnya kek apa. ,Negative
"Udah biaya kuliah mahal tanpa diskon, tanah bapakku mau diserobot juga pake #Omnibuslaw Mimpi bapakku buat minterin anaknya pupus guys. Sudah jatuh tertimpa beton. #GagalkanOmnibusLaw #AtasiVirusCabutOmnibus",Negative
Tubuh pulau Jawa sudah dikuasai konsesi investasi tambang mineral dan migas Omnibus Law percepat bangkrut daya dukung pulau yg sudah padat dan terlampaui ini Mau kasih beban konsesi investasi apalagi @jokowi dan @DPR_RI ? #GagalkanOmnibusLaw #AtasiVirusCabutOmnibus,Negative
"Tuan & Puan DPR ygterhormat jika suara raykat tdk didengar, saran akademisi diabaikan, &lembaga agama jg tdk dgubris, jd pemerintah & DPR dpt bisikan dr mn? Lantas untuk siapa Omnibus Law ini? @jokowi @DPR_RI @mprgoid @FraksiRakyat_ID #AtasiVirusCabutOmnibus #GagalkanOmnibusLaw",Negative
"Trus pas demo, para pendemo yg jumlahnya ribuan merangsek masuk ke gedung dpr mpr, trus dor semua yg lagi sidang mau ketok omnibus law...end.",Negative
Trs skrg kan urusan pertanahan udh diatur dalam RUU Cipta Kerja yg pake Omnibus Law. Bahkan sebelumnya ada RUU Pertanahan yg mana warga bisa dipidanain klo mereka nolak tanahnya digusur. Gimana ga gila coba? Wkwk. Dan Pemerintah beserta DPR bikin RUU tsb buat nguatin Kapitalisme,Negative
"Trs lagi gue baru aja baca2 ttg omnibus law... Wah gilaak sih, idup aja udh susah..nah jd warga negara ini nambah2 modyar lg..jahat sih gila",Negative
Tripartit merupakan wadah tepat dlm merumuskan dan menemukan solusi dlm RUU Omnibus Law dgn cara elegan tanpa merasa benar sendiri dan pintar sendiri. Gak ada yg lbh tinggi antara pengusaha dan pekerja. ,Negative
"Trending topic no.1 ada hubungan dengan no.3, soalnya lagi ada demo soal omnibus law. hihihi. yg berpotensi jadi penyebab penularan covid itu gk cuma demo kalik....lingkungan dgn sirkulasi udara tertutup juga kalik. #Buzzer #Bot",Negative
Tidak sedikit kejanggalan yang menjadi keresahan masyarakat akan kebijakan - kebijakan yang akan berlaku ketika RUU Omnibus Law disahkan. Hal ini ditunjukkan dengan adanya ketidaksesuaian RUU Omnibus Law dengan karakter bangsa Indonesia Pasal 1 ayat (3) UUD NRI Tahun 1945.,Negative
"Tidak hanya seputar waktu kerja, RUU ini juga bisa mengurangi hak-hak lain yang seharusnya didapat oleh para pekerja. Oleh karena itu, para generasi milenial harus mengetahui Omnibus Law dan beberapa hal yang bisa terjadi jika Omnibus Law Cipta Kerja disahkan #GagalkanOmnibusLaw",Negative
"tidak hanya sektor Ketenagakerjaan yang di bantai omnibuslaw, tapi juga pendidikan, agraria, lingkungan, buruh, perempuan dll juga terkena dampak buruk RUU ini.‚Å£ Pandemi bukan suatu pemaafan untuk kita diam pada kezaliman, tetap bergerak meski dari rumah, dan suarakan kebenaran.",Negative
"Tidak hanya RUU HIP, @PDemokrat juga menjadi satu-satunya Fraksi di DPR RI yang menolak pembahasan RUU Omnibus Law (Cipta Kerja) ",Negative
"Tidak hanya PLN & Jokowi , tapi BPJS , panitia Kerja utk Omnibus Law juga menggunakan buzzer....",Negative
"Tidak hanya di Kutai Kartanegara, titik lain aksi #GagalkanOmnibusLaw oleh aliansi mahasiswa, pelajar dan masyarakat di Kalimantan Timur juga berlangsung di Kota Samarinda di depan DPRD Kaltim. Satu suara tolak omnibus law dan pengesahan RZWP3K, keduanya perburuk kondisi Kaltim ",Negative
"Tidak hanya bermasalah dalam bidang ketenagakerjaan, lingkungan, dan hukum, tetapi Omnibus Law RUU Cipta Kerja juga menimbulkan masalah dalam bidang pendidikan, kesehatan, ekonomi, otonomi daerah, serta riset dan inovasi.",Negative
"Tidak diizinkan RDP dgn Kabareskrim, protes. Tapi RUU Omnibus Law tetep dibahas, ga diprotes Bang? Apa isi RUU nya disetujui oleh PKS? (Krn ketidakhadiran dipembahasan RUU Omnibus Law krn sebab lain) #TolakOmnibusLaw",Negative
Tidak diam diatas kesewang-wenangan! Tuntaskan tuntutan rakyat Ortom Muhammadiyah Yogyakarta Konsolidasi Aksi Tolak Pengesahan RUU Omnibus Law ‚Üí https://www.kurvanews.com/2020/07/ortom-muhammadiyah-yogyakarta.html #GagalkanOmnibusLaw,Negative
Tidak akan ada pekerjaan atau kemakmuran di planet yang mati #OmnibusLaw,Negative
Tidak adanya keterlibatan rakyat dalam hal ini yang merupakan hal yang semestinya rakyat terlibat sebagai suatu kebijakan public. ?üìåHal-hal yang terdapat dalam Omnibus law itu diantaranya :,Negative
Tidak ada substansi baik dalam OMNIBUSLAW Ruu cipta kerja untuk rakyat indonesia.. #TOLAKOMNIBUSLAW #REPORMASIDIKORUPSI..,Negative
"Tidak Ada Pilihan, Selain Gagalkan Omnibuslaw! #AtasiVirusCabutOmnibus #WaspadaiOmnibusLaw #TolakOmnibusLaw #GagalkanOmnibusLaw @Gedung DPR MPR RI Senayan https://www.instagram.com/p/CCsUpPjnQF3/?igshid=1g4hmul032bym",Negative
"Tidak ada negosiasi untuk Omnibus Law, kami tidak rela tanah dan air dirampas dan diobral untuk kepentingan investasi. GAGALKAN OMNIBUS LAW SEKARANG JUGA!! #GagalkanOmnibusLaw #TolakOmnibusLaw #TanahuntukRakyatBukanInvestor",Negative
"Tidak ada kompromi, tidak ada dialog sosial untuk aturan yg akan menyengsrakan rakyat. Omnibuslaw cipta kerja akan merugikan buruh. omnibuslaw secara keseluruhan akan merugikan rakyat.Membiarkan perampasan tanah? Membiarkan trjdnya pengusuran diperkotaan? #GSBITolakOmnibuslaw",Negative
Tidak ada kebenaran saat melegalkan ketidakadilan. Menggagalkan omnibuslaw sama dengan menggagalkan penjarahan yang dilindungi hukum atas alam dan juga tenaga kerja manusia. #tolakomnibuslaw #immtolakomnibus #muhammadiyahtolakomnibus #atasivirustolakomnibus #GagalkanOmnibusLaw,Negative
"Tidak ada jalan lain untuk melindungi rakyat dan lingkungan di Indonesia, selain mengagalkan pengesahan RUU Omnibus Law! #GagalkanOmnibusLaw #walhikalteng #KaltengTolakDeforestasi #AtasiVirusCabutOmnibus #OmnibuslawVSLingkungan",Negative
"Tidak ada jalan lain dalam menggagalkan omnibus law cipta kerja ini selain jalan perlawanan, Maka Sebelum Pengesahan RUU ini perlu ada penyatuan Gerakan sektoral karena banyak pihak yang di rugikan dari pengesahan Omnibus Law By Ketua Umum EN LMND #GagalkanOmnibusLaw",Negative
Tiap ada iklan yg dukung RUU cilaka sama omnibus law aing report sebagai scam karena memang demikian,Negative
"Thread by @AnginLA: Kultuit : DUKUNG MAHASISWA TOLAK OMNIBUS LAW 1. Tolak Omnibus Law, Mahasiswa Akan Turun ke Jalan 16 Juli http://ift.tt/3074aeL 2. haya dan Cilakanya OMNIBUS LAW Bagi Kehidupan Berbangsa Dan Bernegara. http://deniskick.blogspot.com/2020/02/omnibu‚Ä¶ 3. Hu‚Ä¶",Negative
This Omnibus Law not only cracking down our labor rights but all human rights in general. This policy will potentially dehumanize us. The only way to preserve our dignity as humans is to fight against it. #GagalkanOmnibusLaw #AtasiVirusCabutOmnibus ‚úä,Negative
"the real problem tp sayangnya lebih milih jln pintas kek omnibus law dan konco2nya, yg jelas2 malah matiin rakyat sendiri ",Negative
"The People's Representative Council of the Republic of Indonesia (DPR-RI)lied to the people. They promised that during recess they'll not discuss the controversial Omnibus Law bill, but yet they did today! Down to the corrupt system! #ReformasiDikorupsi #gagalkanomnibuslaw",Negative
Thanks. Mudah2an berhasil. Tolak RUU HIP dan Tolak RUU Omnibus law.,Negative
Tetep awas! Pantau trus.Jangan mau kecolongan. Tuntutan rakyat itu sangat jelas yakni Stop pembahasan OmnibusLaw! Selengkapnya : https://tirto.id/fRos?utm_source=Whatsapp&amp,Negative
TETAP TOLAK OMNIBUS LAW! ?üëâ#MerdekaDariElu Omnibus Law Memperparah Ketidakpastian Hukum di Indonesia https://lapan6online.com/omnibus-law-memperparah-ketidakpastian-hukum-di-indonesia/ #MerdekaDariElu,Negative
"Tetap Taat Protokol, Mahasiswa di Jogja Turun ke Jalan Protes RUU Omnibus Law - Harian Jogja ",Negative
"Tetap suarakan, jangan sampai terdiam. Media dapat merubah cara pandang masa. Kita disini sebagai pengingat bahwa muslihat kaum atas masih terus berjalan. Peringatan belum berakhir. #omnibus_law",Negative
"Tetap suarakan #GagalkanOmnibusLaw #AtasiVirusCabutOmnibus. Masa depan bangsa harus didahulukan dengan memilih investasi yang berkelanjutan bukan yang merusak seperti isi Omnibus Law. Ingat banjir, tanah longsor &amp",Negative
"Tetap semangat kawan2 buruh ! Tetap berlawan, tolak omnibus law ! @jokowi @DPR_RI #TolakOmnibusLaw #AtasiVirusCabutOmnibus #RakyatMenggugat #SudahiFTA #RebutEkonomiKita",Negative
teruntuk kader partai psi yg soksokan jadi penggiat lingkungan pada proyek revitalisasi monas dan diam ketika pelemahan amdal pada RUU omnibus law. pada kemana? kena corona? #partaikucing,Negative
Ternyata Virus Omnibus law Ciker lebih mematikan dari pada Codvid19... Karena yang belom brojol kedunia saja sdh dapat dipastikan menderita dan mati perlahan oleh Virus Omnibus law Ciker....,Negative
"Ternyata tidak sia sia dulu belajar peribahasa ""tidak ada kayu, akar rotan pun jadi"". Sekarang ""belum tembus Omnibus law, tenang UU Minerba pun jadi"".",Negative
Ternyata kebijakan omnibus law tidak lebih penting dari percintaan mereka Sing penting bisa ngewe hidup ini akan baik2 saja -generasi milenial,Negative
"Ternyata demi pengawalan RUU Omnibus Law dan RUU HIP, PDI Perjuangan mengganti Wakil Ketua Badan Legislasi yang semula diemban oleh Rieki Diah Pitaloka kepada Komjen Purn Muhammad Nurdin. Semakin jelas ini partai berambisi menggolkan visi misi partainya.",Negative
"Ternyata anarko sindikalis gajadi menjarah pulau Jawa, jadinya aksi tolak Omnibus Law?üòÇ Anyway salam hormat saya untuk teman-teman yang hari ini aksi, panjang umur perjuangan?üåª #GagalkanOmnibusLaw #AtasiVirusCabutOmnibus #SahkanRUUPKS",Negative
"Termasuk OmniBus Law perlu juga ditanyakan nih, kalo sampe disahkan yg untung pasti DPR yg rugi Rakyat &amp",Negative
"Terlihat signal bahwa Pemerintahan Jokowi tidak lagi efektif dalam melakukan komunikasi Internasional. ""Proposal Omnibuslaw Ditolak Bank Dunia, Kiamat Sudah Rezim Jokowi - Oposisi Cerdas"" ",Negative
"Terlepas perjanjiannya dgn Amerika/Singapura. Tetap sama. Jika nanti ada teori konspirasi ""Omnibus Law"", itu bukan konspirasi. Tp efek domino dr kebloonan Jokowi. Iya.. pilihan kalian.",Negative
"Terlepas dari ke(mungkinan) pendiri RG terlibat dalam proyek Kartu Prakerja, dan Pem(blokan) stasiun TV di tengah demo Omnibus Law. RG ini sangat bagus buat menampar pemerintah. RG bimbel swasta masa depan. Dan kesejahteraan guru bukan tanggung jawab mereka tapi pemerintah. ",Negative
"Terlebih lagi jika keluarga mu buruh pabrik, petani atau nelayan, ataupun masyarakat adat mereka lah yang paling merasakan pahit akan penderitaan dari Omnibus Law. @jokowi @DPR_RI @mprgoid @FraksiRakyat_ID #AtasiVirusCabutOmnibus #GagalkanOmnibusLaw",Negative
"Terlalu banyak rekayasa isu palsu & musuh palsu untuk tutupi wajah pemerintahan @jokowi yg telah menjadi tawanan oligarki. UU Minerba, RUU Omnibus Law, UU Tax Amnesti, revisi UU KPK, hingga UU No2/2020 Darurat Covid adalah orderan oligarki yg diduga suport dana kampanye @jokowi",Negative
TERKUAK! Ini 15 Prinsip Konstitusional yg dilanggar RUU Omnibus LAW Cipta Kerja?üò± #walhikalteng #kaltengtolakdeforestasi #atasiviruscabutomnibus #tolakruuomnibuslawcilaka,Negative
"Terkait RUU Omnibus Law, Pemuda Muhammadiyah Pamekasan Nyatakan Menolak ",Negative
"Terkait RUU Cipta Kerja, @aminakram_ : Belum Tegas Berpihak pada UMKM! Rancangan Undang-Undang (RUU) Omnibus Law Cipta Kerja (Ciptaker), sebagaimana disampaikan Presiden Joko Widodo, antara lain bertujuan membuka‚Ä¶ https://www.instagram.com/p/CBXqKDVHkI2/?igshid=jowv0c2r09ei",Negative
"Terkait demo buruh kemarin tdk adil jika menyalahkan buruh, apalagi mengatasnamakan wabah Covid-19 utk menyudutkan mrk. Ingat Presiden sdh bilang mau menunda pembahasan Omnibus Law tetapi tak kunjung kasih surat resmi ke DPR. Jadi yg bikin demo itu sesungguhnya @jokowi sendiri",Negative
"Terkadang bingung di gaji segede gitu masih aja bahas ginian noobb, apa komples RUU minerba kemarin ? Giliran RUU omnibuslaw aja mengebu-gebu ",Negative
"Terjadi pengalihan isu secara massive, mulai isu dinasti poltik, bam swinger4.0, ruu cipta kerja, omnibus law. Waspadalah!!!!",Negative
"Terjadi pengalihan fokus massa besar-besaran dan bahkan mungkin mayoritas dari kita pun abai terhadap issue besar yang tengah menjadi persoalan, seperti UU OMNIBUSLAW , UU MINERBA , dan juga drama corona ini yang tidak berkesudahan",Negative
Terjadi penangkapan sewenang-wenang terhadap peserta aksi tolak Omnibus Law RUU Ciptaker di Makassar. Mohon perhatiannya! ,Negative
Terimakasih sebesar besarnya kepada kalian yang kemarin turun melakukan perlawanan. #NRS #nawarizkysadewo #nawarizky #rizkydewo #arahjuang #forummudarevolusioner #OmnibusLaw ,Negative
Terimakasih Kawan yang sudah susah payah mengabadikan gambar keluarga kecil Kami pada aksi penolakan Rancangan Undang-Undang (RUU) Omnibus Law di depan kantor Dewan Penipu Rakyat Daerah (DPRD) Provinsi Sulawesi Selatan. Andi Alan Nuari ,Negative
"Terima kasih mbak @m_mirah sdh di folbek. Semoga menang lawan omnibus law, kalau perlu uu out sorching juga harus dihapus. Semangat ?üëç?üôè",Negative
Terima kasih buat semua temen-temen yang hari ini telah berjuang untuk nasib kita dan untuk masa depan kita. Tetap waspada karena perjuangan belum selesai. Tapi semangat juang hari ini akan terus kita jaga sampai kita berhasil menjegal Omnibus Law. ?üôè #GagalkanOmnibusLaw https://twitter.com/sindikasi_/status/1283636725101867010,Negative
"Teriakan kita di media sosial tak pernah mengetuk telinga mereka yang berkuasa. Maka, penting bagi gerakan rakyat untuk melakukan rekonsolidasi lintas sektor dalam menyikapi pembahasan Omnibus Law pada Paripurna tanggal 16 nanti. Lusa kita rumuskan bersama. #GejayanMemanggil",Negative
"Teriak2 bikin taggar dukung omnibus law, giliran kantornya nanti memberlakukan peraturan baru sesuai teriakan taggar kalian, ngomel2....koplak !!!",Negative
teriak Tolak Omnibus Law di Gedung DPR di medsos juga ada #GagalkanOmnibusLaw #JegalSampaiGagal saya pengen ngulik Omnibus Law.. tapi masalahnya dimana..??,Negative
"Terhitung Hana Hanifa, klepon, dan yang terbaru seharga 30 jt. Jadi lupa, ada oligarki, dinasti, sampai Omnibus law dll.",Negative
"Terdapat dua aksi massa yg memiliki tuntutan yg berbeda saat ini, yakni: Aksi massa yg menolak RUU HIP membawa sentimen anti komunis. Aksi massa yg menolak Omnibus Law berjuang untuk hak sipil, buruh, tani, prt, dan rakyat serta menuntut pengesahan RUU PKS. JANGAN DISAMAKAN!",Negative
Terbukti kemarin semua TV pada siaran ruang dungu daripada protes rakyat akan RUU HIP dan penolakan Omnibuslaw... hanya tv1 yg menyiarkan,Negative
Terbetik selentingan bahwa Aliansi Pemuda dan Mahasiswa Cinta NKRI bakal menggelar aksi demo di Gedung DPR/MPR pada tgl 16 Juli 2020 dgn agenda (konon) penolakan RUU HIP/PIP & Omnibus Law dan tuntutan pembubaran BPIP...,Negative
"Terangkan pada kami, demokrasi dan pluralisme macam apa yg menjadi topeng utk neoliberalisme. Bagaimana kami hidup damai dlm masyarakat plural jika perut kami diinjak-injak oleh Omnibus Law??!",Negative
Terancam resesi trs mau ngesahin OMNIBUSLAW Cape bgt dah sama ketololan ini,Negative
"Tepat seperti thread analisis tipis2 kemarin, hahahaha Omnibus Law ini bertolak dari apa yg Banarjee dan Duflo dlm artikelnya di Economist tuliskan soal pemulihan yg lebih Keynesian. Yg paling dibutuhkan itu adl skema penyerapan anggaran, bukan penyesuaian pengaturan. ",Negative
tentang perubahan atas UU No. 12 tahun 2011 tentang Pembentukan Peraturan Perundang-undangan. 2. Menolak upaya sentralisasi kekuasaan melalui konsep Omnibus Law RUU Cipta Kerja yang menciderai semangat reformasi.,Negative
"Tentang Omnibus Law RUU Cipta Kerja, Timboel Siregar: Pemerintah Dan DPR Ajaklah Rakyat Bicara, Kaji Lebih Dalam Lagi, Dan Jangan Arogan! ",Negative
Tenang aja. Bakal dihadiahi omnibus law. Biar gampang phk #gagalkanomnibus,Negative
"Temulawak Ikan Gabus, Rakyat Tolak Omnibus Law! ?üëå #GagalkanOmnibusLaw #JegalSampaiGagal #TolakOmnibusLaw",Negative
"Template pesan: Kami rakyat Indonesia yg ibu/bapak wakili di gedung DPR RI meski tidak ikut aksi langsung di mana ibu/bapak bertugas,tapi kami jg turut mengawasi kerja bapak/ibu. Kami menuntut & mendesak: Bahas RUU P-KS Tetapkan RUU PPRT sbg INISIATIF DPR Batalkan Omnibus Law!",Negative
"temen2 yang belom tau tentang omnibus law mending cari tau sekarang deh. ini bahaya banget kalo nanti bakal diterapin di sistem hukum kita. hak pekerja banyak yang terbuang, eksploitasi sumber daya alam, kerusakan lingkungan yang makin besar itu beberapa hal yang bisa timbul - ",Negative
"temen temen ndausah khawatir sama buzzeRp. tagar aksi omnibuslaw kalo ga trending di twitter ndausah risau. soalnya udah trending duluan di akherat. barusan malaikat pd teklap, kemungkinan aksi mereka di padang mashar long march ke sidhratul muntaha. ?üôè?üèª afwan~",Negative
"Temen gua sibuk demo omnibus law, gua masi sibuk ngurusin serial sama manga yg belum khatam",Negative
"Tembus 100.000 kasus positif, awas aja kalo sempet-sempetnya Omnibus Law Cipta Kerja disahkan! Ngaco parah pokoknya kalo gitu.",Negative
"Teman2, besok gak cuma Omnibus Law yg harus kita awasin, tapi juga akan ada sidang pembacaan putusan kasus penyerangan terhadap penyidik KPK Novel Baswdan. Perkara ini ibarat benang kusut memang #GakJelas #NovelBaswedan #AtasiVirusCabutOmnibus",Negative
"Teman2 yg hari ini menolak Omnibus Law RUU Cipta Kerja. Kalau sudah selesai, pastikan jg menolak sistem proporsional pemilu. Sebab keterwakilan suara di DPR dlm sistem proporsional cm indah diangka n buku pemilu. Sisanya makanan Oligarki. #GagalkanOmnibusLaw #ReformasiDikorupsi",Negative
Teman-teman...apakah Kita akan menyambut masa depan dengan status Alih Daya hingga anak dan cucu-cucu Kita...jika tidak ayo kita Keluar dari Zona Nyaman... Tolak Omnibus Law ?üí™?üí™?üí™,Negative
"Teman-teman yang hari ini turun ke jalan untuk #JegalSampaiGagal Omnibus Law, hati-hati ya!",Negative
"Teman - teman ingin menyampaikan pesan bahwa Omnibus Law ini akan melanggengkan praktik energi kotor, padahal sekarang aja udara udah tak layak, gimana klo Omnibus Law disahkan? Bisa-bisa penderita gangguan pernapasan akan bertambah. ",Negative
"tapi PKS akhirnya ngikut juga ustadz ke UU omnibus law (ciptaker). kalo udah masuk sistem emang susah ngelawan, mending ikut ngelawak.",Negative
"Tapi pemerintah jg ga peka sih. Bukannya melayani masyarakat di saat pandemi, tapi malah merancang RUU kontroversial macam RUU HIP, RUU Minerba, dan RUU Cipta Kerja (omnibus law)",Negative
"Tapi masyarakat, buruh berharap agar omnibus law segera digagalkan",Negative
tapi mas tum gunakan logika yg cacat terkait demo buruh kemarin bahwa jokowi memiliki andil dan bahkan jadi pemicu akibat tak jelasnya sikap terhadap ruu omnibus law sehingga menjadi justifikasi demo buruh yg terjadi,Negative
Tapi kenapa yang ditonjolkan yang tahu mendukung Omnibus Law? (Politik Data dan Kata) :p #AtasiVirusCabutOmnibus,Negative
"Tapi kalau memang betul RUU PKS sulit untuk dibahas, jadi pertanyaan juga buat RUU Omnibus Law yang secara ""teori"" aja udah ""omnibus/sapujagat"" gitu kenapa malah mau dikebut pas pandemi gini?",Negative
"Tapi kalau bahas Omnibus Law 1000an halaman dan RUU Minerba yg untungkan pengusaha, serta Revisi UU KPK yg untungkan koruptor, bisa cepat. Revisi UU KPK, sidang 20 menit pun jadi ?üòë ",Negative
"Tapi disisi lain pemerintahan bapak @jokowi mau hapus Amdal dan izin lingkungan, terus mau cabut ketentuan pidana untuk korporasi pembakar hutan lewat Omnibus Law, dan kemarin gelar karpet merah untuk industri batubara penyumbang emisi gas rumah kaca lewat revisi UU Minerba. ?ü•± ",Negative
"Tanggal 16 Juli 2020, Mari bersama kitaa bersuara Rapatkan jalanan Ramaikan sosmed Omnibus Law sangat tidak bergunaa Mari bersama kita gagalkan, jangan sampai kalah!!!‚úä‚úä‚úä Mari teman‚Äùkita membantu kawan kita yang turun dengan ##GagalkanOmnibusLaw #AtasiVirusCabutOmnibus",Negative
"Tanggal 16 Juli 2020 berbagai kelompok buruh, mahasiswa, serikat tani dan kelompok lain turun ke jalan melakukan aksi demonstrasi penolakan RUU Cipta Kerja atau omnibus law. Aksi demonstrasi dilakukan tidak hanya di depan gedung DPR RI, tetapi juga seluruh wilayah Indonesia. ",Negative
TANDAI TANGGAL NYA . 16 JULI 2020 SIDANG PARIPURNA DPR RI . WASPADA !! JANGAN BIARKAN PARA PENJILAT KETUK PALU UNTUK OMNIBUSLAW . AYO PERJUANGKAN HAK-HAK TENAGA KERJA KITA !!! #TolakOmnibuslaw,Negative
"TANDA TANDA BUBARNYA BANGSA INI, DG GETOL MENDATANGKAN TKA CHINA, BIKIN UU HIP, OMNIBUS LAW SDH DI SAHKAN, KEBIJAKAN TDK BERPIHAK PD RAKYAT, KINI RAKYAT SUSAH TDK DI PERHATIKAN TP JUSTRU TKA CHINA DI NOMER SATUKAN. BUBAR BUBAR BUBAR",Negative
TANAH UNTUK RAKYAT BUKAN UNTUK PENINDAS AKSI DARING NASIONAL TOLAK OMNIBUS LAW. #muhammadiyahtolakomnibus #immtolakomnibus #atasiviruscabutomnibus #waspadaiomnibuslaw #tolakomnibuslaw #gagalkanomnibuslaw #shameondpr #demokrasidipersekusi #tanahuntukrakyatbukanuntukpenindas,Negative
"Tampaknya anggaran beasiswa Jentera & Munir perlu diperbesar, karena RUU Omnibuslaw akan melahirkan banyak perlawanan dari banyak komunitas masyarakat.. #AtasiVirusCabutOmnibus #GagalkanOmnibusLaw",Negative
"Taktik jahat DPR, RUU omnibus law disahkan terlebih dahulu agar tanah adat bisa diserobot dulu dgn dalih investasi dan pendirian industri. Setelah luas tanah adat berkurang drastis, baru RUU masyarakat adat disahkan",Negative
"Tak kurang dari 100 pendeta dari seluruh Indonesia menyatakan sikap menolak omnibus law RUU Cipta Kerja, yang mengabaikan lingkungan hidup dan mengancam keadilan sosial rakyat. Artikel dimuat di mitra Teras ",Negative
"Tak Hanya Tolak RUU HIP, MUI juga Soroti Omnibus Law Ciptaker. Dalam omnibus law RUU Cipta Kerja yang patut diwaspadai ialah sistem ekonomi liberalisme dan kapitalisme yang nampak terlihat dalam draf omnibus law RUU Cipta Kerja. ",Negative
"Tak Hanya Organisasi HAM & Lingkungan, Seratusan Pendeta dan Berbagai Organisasi Masyarakat Lain Juga Ikut Tolak RUU Omnibus Law https://www.mongabay.co.id/2020/07/15/seratusan-pendeta-dan-berbagai-organisasi-masyarakat-tolak-ruu-omnibus-law/ via @Mongabay",Negative
"Tak hanya itu, kalau aturan dalam omnibus law disahkan dengan memberikan kelonggaran bagi impor pangan, ini akan berakibat pada konsumsi pangan nasional berasal dari pangan impor. #TolakOmnibusLaw #AtasiVirusCabutOmnibus #RakyatMenggugat #SudahiFTA #RebutEkonomiKita",Negative
"TAK BECUS URUS VIRUS, MALAH KEBUT OMNIBUS ! AKSI UMAT TOLAK RUU HIP DAN RUU OMNIBUS LAW Kamis, 16 Juli 2020 depan Gedung DPR Senayan Jakarta. ",Negative
Tak ada yg minta menurunkan presiden. Kami hanya meminta gagalkan Omnibus Law! #GagalkanOmnibusLaw #AtasiVirusCabutOmnibus,Negative
Tak ada cinta dalam OmnibusLaw. #GagalkanOmnibusLaw #AtasiVirusCabutOmnibus #JegalSampaiGagal,Negative
"Tahun lalu demo tolak RUU KUHP, tahun ini demo tolak RUU Omnibus Law. Akibatnya tiap tahun demo disorot dunia, terus dollar naik karena investor takut meletakkan duit di Indonesia. Habis itu merepet karena dollar terlalu tinggi. wkwk lucunya 'aktivis' negriku...",Negative
"Tadinya aku berharap sm @DppPKS ,tp begitu baca sikap mrka ke uu minerba, omnibus law sampe HIP ini, langsung say goodbye. Buat ku, gak ada setuju dengan catatan. Pilihan cm 2,terima atau tolak draft ruu nya. Sikap itu jelas. Hitam atau putih.",Negative
"Syukurlah reklamasi bisa batal. Reklamasi hanyalah proyek titipan asing, jangan lupa agenda-agenda lain yang membuat hancur negara seperti omnibus law, UU Minerba dll. Bisnis gk se-anjing itu kawan http://cnn.id/516149 https://m.cnnindonesia.com/nasional/20200622183657-12-516149/ma-menangkan-anies-soal-pencabutan-izin-reklamasi-pulau-h",Negative
"Sumber daya alam Indonesia milik dan untuk kehidupan masyarakat, bukan milik dan untuk investor. Saya PANCASILA, Saya anti UU Minerba, Omnibus Law, Oligarki dan Perampasan Laut Pesisir dan Pulau-pulau Kecil. Salam Keadilan Perikanan! ",Negative
"Sulteng bergerak maju menolak Omnibus Law. Aksi FRONTAL (Frontal Tolak Omnibus Law) Sulteng Jilid II di depan Kantor DPRD Provinsi Sulteng. @jokowi @prd_indonesia Palu, 16 July 2020 #TolakOmnibusLaw #MenangkanPancasila",Negative
Sulteng bergerak gagalkan Omnibus Law. Front Rakyat Tolak Omnibus Law (FRONTAL) Sulteng. #TolakOmnibusLaw #MenangkanPancasila #24TahunPRD,Negative
"Sulit itu.. Ketika gencar¬?nya karna covid-19 eeh malah mengesahkan omnibus law, tp sekarang udh new normal jd kebingungan buat mengesahkan RUU PKS #SahkanRUUPKS",Negative
Sukseskan Omnibuslaw itu larangan pak. Masa disaat pandemi gini masih aja ngedepanin masluhut konglomerat. Harusnya tangani virus dlu.,Negative
Sukses atas Selenggaranya Aksi Demonstrasi Tolak RUU HIP dan Omnibus Law di Depan Gedung DPR MPR RI Terus kawal hak-hak rakyat di konstitusi dan legislasi #TolakRUUHIP #TolakOmnibusLaw @jokowi @DPR_RI @mohmahfudmd @prabowo,Negative
"Semakin terlihat apa dan untuk siapa kepentingan para elite politik ini. UU MINERBA bisa disahkan secepat kilat,DPR ngotot membahas OMNIBUSLAW tetapi RUU PKS yang diperjuangkan bertahun-tahun terus mandek. Kalau dah gini masih mau berharap ‚Äúkebaikan hati‚Äù elite politik? ?üëÄ",Negative
"semakin menunjukan bahwa pemilu bukan lagi untuk mengakomodir suara rakyat tapi suara elite. UU Minerba yang disahkan, RUU PKS yang dicabut dan kini Omnibus Law Cipta Kerja yang dipercepat. Belum lagi penanganan wabah yang penuh intrik dan kacau.",Negative
semakin hari semakin besar gesekan yg terjadi apa emang sengaja bikin perpecahan di masyarakat agar rencana2 LICIK dapat terlaksana kenaikan BPJS Tagihan2 PLN yg membengkak harga BBM yg gak turun saat harga minyak dunia nyungsep Omnibus LAW cilaka RUU HIP yg memeras PANCASILA,Negative
Seluruh kader ikatan mahasiswa Muhammadiyah mengecam untuk menolak Omnibuslaw #immtolakomnibus #MuhammadiyahTolakOmnibus #AtasiVirusCabutOmnibus #GagalkanOmnibusLaw,Negative
"Selemah-lemahnya pemahaman aku soal situasi di negeri ini aja rasanya hari ini udah emosi banget sih, dari mulai omnibus law, PLN, penanganan Covid-19 yang kacau, temen-temen Papua yang bahkan diskusi pun dibungkam, dan sekarang kasus air keras putusanna kitu patut!",Negative
"Selamatkan Negara ini om @AgusYudhoyono Sejarah perjuangan bangsa ini bukan cuma milik Soekarno. Perjuangan bangsa ini dimulai dari Budi Utomo, lalu ada SDI yg kmdn berubah menjadi SI. Hapus juga RUU Omnibus Law, RUU Cilaka dan RUU lainnya yg merugikan kedaulatan bangsa.",Negative
"Selamanya, para karyawan dan pekerja hanya akan menjadi alat produksi dari sebuah sistem besar bernama akumulasi modal yang dilakukan oleh para kaum juragan (business owner). apakah RUU Omnibus Law Cilaka spt ini? #GagalkanOmnibusLaw #GagalkanOmnibusLaw",Negative
"Selama itu pula, para konservatif akan terus menyakiti kita. Ingat Omnibus Law yang dibahas oleh @DPR_RI yang mencederai partisipasi dan sosio nasionalisme.",Negative
"Selama ini terbukti masyarakat mampu menjaga dan mengelola sumber daya alam, termasuk pesisir, laut dan pulau-pulau kecil secara arif dan berkelanjutan. Saya PANCASILA, Saya anti UU Minerba, Omnibus Law, Oligarki dan Perampasan Laut Pesisir dan Pulau-pulau Kecil. ",Negative
"Selama Duit Masih Ada Jangan Dibuang-buang Untuk Hal Yang Tidak Jelas Macam RUU HIP, RUU Omnibus Law, dan Pemindahan Ibukota Baru ?üëÄ",Negative
"Selain itu aku yakin omnibus law pasti di sahkan. Bagaimana lagi oligarki sudah dalam kekuasaan, kalau dlu iya mereka g mau di ekspose dan cuma sebagai ahli strategi. Sekarang menjadi player dan ahli strategi sekaligus. #IndonesiaDaruratHumor",Negative
Sekjen MUI Nilai RUU ‚ÄòOmnibus Law‚Äô Geser Semangat Pancasila dan UUD 45 https://www.kedaipena.com/sekjen-mui-nilai-ruu-omnibus-law-geser-semangat-pancasila-dan-uud-45/ @GNPF_MUI @Dakwah_MUI @Mjl_Rasulullah,Negative
Sekitar jam 15.0 Pasukan Huru Hara mulai tampak & berjalan menyusuri jalan tol menuju ke depan. Padahal tidak ada gangguan ketertiban apapun dalam aksi damai menolak Omnibus Law Cipta Kerja di depan DPR. @AksiLangsung #GagalkanOmnibusLaw #AtasiVirusCabutOmnibus,Negative
Sekitar 20 an aktivis yang tergabung dalam aliansi (MAKAR ) Yang ditangkap saat aksi tolak omnibus law hari ini belum juga dibebaskan #bebaskankawankami #gagalkanomnibuslaw #kesehatangratisuntukrakyat #Freewestpapua,Negative
"Sekilas ngeliat demo kawan2 mahasiswa soal omnibus law Trus ?ü§??ü§? gini sendiri, memang aing bukan yg jago orasi pada jaman itu, setiap disuruh orasi selalu blg ""kenapa ga sehari sebelumnya"" kenapa? Menurut aing kalo mau orasi dan ikut demo sebenarnya....",Negative
Sekedar memberi pendapat terkait demo hari ini soal penolakan penetapan UU HIP dan Omnibuslaw di gedung DPR. Saya setengah setuju dan tidak. Ini hanya pandangan saya sebagai orang yang tidak terlalu paham politik dan pemerintahan.,Negative
EPS.06 OMNIBUS LAW . Negeri kita memang sedang tidak baik baik saja. . #podcastanakbangsa #sukabingungliatindonesia #podcastindonesia #jokowi #podcastersofinstagram #podcastpopuler #sabdaperubahan #senimenulis #TolakRUUHIP #tolakomnibuslaw #OmnibusLaw #MendikbudSalahUrus,Negative
"Entahlah, ,saya masih tolak omnibus law karna takut kna phk...",Negative
"entah PDI entah PA 212. Gak jelas mana yang diributkan. Sementara itu omnibus law yang jelas-jelas sarat penindasan, akan segara disahkan. Sekalipun katakanlah semua orang se Indonesia menerima Pancasila. Tapi kalau omnibus law disahkan, Pancasila akan lumpuh.",Negative
"Entah mengapa, aku merasa omnibus law hanyalah pengalihan isu terhadap kebijakan lain yg sifat merugikannya lebih parah dari omnibus law itu sendiri ?üòë",Negative
"Entah kita harus berharap sama siapa mengenai Omnibus Law RUU Cipta Kerja, 90% serikat pekerja menolak pembahasan RUU Cipta Kerja, sudah dibuktikan dengan Unjukrasa dimna mana. Anehnya ketika buruh diajak berbicara, itu hanya formalitas saja, suara buruh tdk pernah didengar.",Negative
"DPR ngebet bahas dan sahkan omnibuslaw, mengganggu mental Rakyat. #GagalkanOmnibusLaw",Negative
"DPR mengabaikan desakan publik. Pdhl, parpol bkn pemegang kedaulatan rakyat, melainkan sarana partisipasi politik masyarakat. Sebenarnya @DPR_RI bekerja untuk siapa? #LIPPOPenguasaRI Bobroknya Omnibus Law: Kepentingan Parpol di atas Tuntutan Rakyat ",Negative
"DPR DAN PEMERINTAH BANGSAT! Tempo hari dibilang ditunda, ternyata jalan terus. Korupsi gila2an rezim bangsat ini. Rakyat ditindas abis2an atas nama Undang2. 19 Juni 2020: Airlangga: Omnibus Law RUU Cipta Kerja Disetujui DPR https://nasional.tempo.co/amp/1355351/airlangga-omnibus-law-ruu-cipta-kerja-sudah-disetujui-dpr?__twitter_impression=true #MegaDanPDIPLakukanMakar",Negative
"DPR blg susah ngesahin RUU PKS, tapi seru bats ngebahas Omnibus law. Padahal RUU PKS udah banyak yg bantu bahas, bantu kaji... Gila, sama aja kayak temen sekelompok yg kerjanya ngejilid doang. #SahkanRUUPKS",Negative
DPR berbohong! Hari ini mereka membahas Omnibus Law!,Negative
"Ditarget Rampung Bulan Ini, Begini Progres RUU Omnibus Law Cipta Kerja RUU kerjar tayang Sampai dmn progresnya? Tetep aja gk pro rakyat Tetep tolak ! ! ",Negative
"Ditangkap Polisi, Pendemo Penolak Omnibus Law di Makassar Pakai Ganja https://www.suara.com/news/2020/07/17/160438/ditangkap-polisi-pendemo-penolak-omnibus-law-di-makassar-pakai-ganja?utm_source=twitter.dlvrit&amp",Negative
Disaat lagi bencana musibah virus. Semua pd ngotot dgn RUU omnibus law disahakan. Pimpinan yg tdk punya hati kepda buruh dan pekerja. Memfaatkan waktu dikalah rakyat sulit. Sebagai pekerja kami tidak menerima. https://news.ddtc.co.id/world-bank-omnibus-law-cipta-kerja-berpotensi-merugikan-ekonomi-22736?s=09,Negative
"Direplynya juga banyak yang malah jadi ributin aplikasi ruang guru, padahal isu yang diangkat adalah soal minimnya coverage media di demo tolak omnibus law Emang kalo mekanisme yang dipilih ngaco ya sampe ujung juga bakal jadi ngaco",Negative
"Di masyarakat yang begitu sesak dengan penganggur, siapa yang tidak menginginkan slip gaji yang reguler? Bila omnibus law ini memotong pesangon buruh, membatalkan cuti haid, melanggengkan kerja kontrak dan outsourcing",Negative
"Di masa reses kali ini, DPR ngotot melanjutkan pembahasan Omnibus Law RUU Cipta Kerja. Padahal pekan lalu, masyarakat melakukan aksi di jalan dan udara untuk menolak pembahasan aturan itu. Apalagi kita tahu, Indonesia masih kelimpungan mengatasi Covid-19. ",Negative
"Di masa pengesahan Omnibus Law ini, para buzzeRP sedang mendulang rejeki. Namun tidak selamanya pekerjaan seperti ini memuaskan bagi mereka. #GagalkanOmnibusLaw",Negative
"di lockdown pemerintah udh biasa, di lockdown banjir, warbiasyahh, baru juga UU minerba yg di sah-in, Kalsel udah kek tambak ikan aja banjir mulu... lama-lama masyarakat punya insang :( no offense... PEMERINTAH WOYY.. Mana Omnibuslaw.. keluarin juga sini.. :(",Negative
"Di koalisi Golkar Vs PDIP, Omnibus law, UU Covid Vs RUU HIP. Di oposisi partai dipimpin politisi Ijo berlogo mercy yg lagi centil. Bikin ribut aja 3 partai bangke",Negative
Di Indonesia masa pandemi ini justru dimanfaatkan oleh penguasa meraup pundi-pundi rupiah. Sepertinya kita akan dibiasakan dengan tampilan-tampilan yang baik padahal isinya hanya untuk mengelabuhi rakyat. Misalnya dengan diterbitkannya Omnibus Law.,Negative
"di Indonesia dan mendorong pertumbuhan ekonomi, yaitu Omnibus Law RUU Cipta Kerja. Padahal dalam kenyataannya, RUU ini dipenuhi dengan rentetan permasalahan. Selain cacat formil, RUU ini juga mengancam kesejahteraan buruh, kualitas pelayanan kesehatan, hingga perlindungan",Negative
di Gedung MPR/DPR untuk menuntut agar DPR menghentikan pembahasan omnibus law RUU Ciptaker saat pandemi virus corona.,Negative
Di gedung DPR: Sebelah Kanan tolak RUU HIP Sebelah Kiri tolak Omnibuslaw Modaarr wkwkk,Negative
"Di desa banya buruh sama tani, justru aneh kalo sedikit orang desa yg dukung/ngarti aksi tolak omnibus law. gak percaya? lo survey gih satu persatu buat sampel. ",Negative
"Di depan gedung @DPR_RI sedang berlangsung aksi tolak OmnibusLaw, 16 Juli dijadwalkan akan disahkan. Jangan cuma akting di depan kamera dengan teks di depan mata tanpa berbuat apa-apa! Ambil tindakan untuk menolak segala bentuk RUU yang akan menyengsarakan rakyat! Cc: @jokowi",Negative
"Di dalam RUU omnibus law sangat kecil ketika kita hanya melihat UU yang berbicara terkait sistem ketenaga kerjaa, tetapi di omnibus law masih banyak persoalan lain, ada 11 claster yg menjadi polemik dan tidak sesuai amanat konstitusi yang salah satunya tertuang dalam pasal 33 UUD",Negative
"Di dalam omnibus law RUU Cipta Kerja, khususnya di bidang pengupahan setidaknya ada 5 kebijakan yang merugikan kaum buruh. Karena itu, tidak berlebihan jika banyak yang menolak omnibus law. Sumber: https://www.instagram.com/p/CCxas4apGEP/?igshid=1bfv1qjuj6o6d",Negative
depan gedung DPR udah penuh sesak menolak Omnibus law.. tolong dong DPR RI fokuskan kepada masalah yg lebih penting lagi. #GagalkanOmnibus #TetapCabutRUUHIP,Negative
Depan Gedung DPR Gagalkan OmnibusLaw ,Negative
"Denny Siregar: ke mana ini ujungnya? Apakah selesai sampai di sini saja? Belum Mereka punya agenda besar yg sedang disiapkan sbg satu aksi massa besar yg diharapkan akan memicu kerusuhan, yaitu saat UU Omnibus Law kelak akan dikeluarkan #RekayasaDidzolimi",Negative
Denger-denger tasiun TV dipenuhi acara ruang guru ya? Terus unjuk rasa besar-besaran soal omnibus law gak diliput? Sebegitu otoriter nya pemerintahan sekarang,Negative
"Denger-2 kan waktu itu RUU omnibus law ditunda juga, tau-tau disepakati. Makanya jangan percaya. Tolak saja RUU omnibus Law dan RUU HIP. kalau ditunda, nanti tau-tau disahkan lagi. https://nasional.tempo.co/amp/1355351/airlangga-omnibus-law-ruu-cipta-kerja-sudah-disetujui-dpr",Negative
DENGARKAN KAMI PARA PEMIMPIN! RUU HIP SINGKIRKAN DARI PROLEGNAS. SINGKIRKAN OMNIBUSLAW DARI PROLEGNAS. SAHKAN RUU PKS ,Negative
Dengan tegas tidak bisa dan tetap menolak Omnibuslaw ,Negative
"Dengan semua permasalahan yang terjadi di Indonesia, maka dari itu kami mengajak kepada seluruh Mahasiswa KBM UPR untuk bersama-sama meramaikan Seruan Aksi Akbar Keluarga Besar Mahasiswa Universitas Palangka Raya Tolak Omnibus Law",Negative
Ayo tolak omnibus law #immtolakomnibus #AtasiVirusCabutOmnibus #MuhammadiyahTolakOmnibus #GagalkanOmnibusLaw,Negative
